decodificador,longitud,memoria_MB
greedy,35,1009.46
greedy,4,1009.46
greedy,15,1009.46
greedy,17,1009.46
greedy,4,1009.46
greedy,4,1009.46
greedy,4,1009.46
greedy,1,1009.46
greedy,12,1009.46
greedy,14,1009.46
greedy,7,1009.46
greedy,10,1009.46
greedy,1,1009.46
greedy,2,1009.46
greedy,11,1009.46
greedy,22,1009.46
greedy,12,1009.46
greedy,18,1009.46
greedy,18,1009.46
greedy,25,1009.46
greedy,6,1009.46
greedy,20,1009.46
greedy,17,1009.46
greedy,9,1009.46
greedy,33,1009.46
greedy,16,1009.46
greedy,26,1009.46
greedy,31,1009.46
greedy,31,1009.46
greedy,30,1009.46
greedy,21,1009.46
greedy,39,1009.46
greedy,24,1009.46
greedy,4,1009.46
greedy,3,1009.46
greedy,11,1009.46
greedy,14,1009.46
greedy,29,1009.46
greedy,14,1009.46
greedy,23,1009.46
greedy,17,1009.46
greedy,51,1009.46
greedy,12,1009.46
greedy,12,1009.46
greedy,10,1009.46
greedy,44,1009.46
greedy,22,1009.46
greedy,46,1009.46
greedy,4,1009.46
greedy,14,1009.46
greedy,12,1009.46
greedy,21,1009.46
greedy,18,1009.46
greedy,18,1009.46
greedy,27,1009.46
greedy,27,1009.46
greedy,7,1009.46
greedy,9,1009.46
greedy,6,1009.46
greedy,17,1009.46
greedy,15,1009.46
greedy,36,1009.46
greedy,19,1009.46
greedy,39,1009.46
greedy,16,1009.46
greedy,10,1009.46
greedy,27,1009.46
greedy,13,1009.46
greedy,67,1009.46
greedy,24,1009.46
greedy,24,1009.46
greedy,9,1009.46
greedy,16,1009.46
greedy,13,1009.46
greedy,18,1009.46
greedy,16,1009.46
greedy,10,1009.46
greedy,5,1009.46
greedy,7,1009.46
greedy,9,1009.46
greedy,18,1009.46
greedy,27,1009.46
greedy,38,1009.46
greedy,28,1009.46
greedy,9,1009.46
greedy,25,1009.46
greedy,28,1009.46
greedy,26,1009.46
greedy,10,1009.46
greedy,14,1009.46
greedy,38,1009.46
greedy,2,1009.46
greedy,4,1009.46
greedy,51,1009.46
greedy,39,1009.46
greedy,33,1009.46
greedy,25,1009.46
greedy,27,1009.46
greedy,24,1009.46
greedy,42,1009.46
greedy,32,1009.46
greedy,17,1009.46
greedy,35,1009.46
greedy,17,1009.46
greedy,46,1009.46
greedy,17,1009.46
greedy,29,1009.46
greedy,28,1009.46
greedy,21,1009.46
greedy,19,1009.46
greedy,5,1009.46
greedy,3,1009.46
greedy,60,1009.46
greedy,17,1009.46
greedy,17,1009.46
greedy,10,1009.46
greedy,33,1009.46
greedy,23,1009.46
greedy,29,1009.46
greedy,24,1009.46
greedy,13,1009.46
greedy,13,1009.46
greedy,34,1009.46
greedy,20,1009.46
greedy,13,1009.46
greedy,13,1009.46
greedy,12,1009.46
greedy,41,1009.46
greedy,12,1009.46
greedy,19,1009.46
greedy,48,1009.46
greedy,11,1009.46
greedy,33,1009.46
greedy,27,1009.46
greedy,16,1009.46
greedy,14,1009.46
greedy,16,1009.46
greedy,10,1009.46
greedy,50,1009.46
greedy,6,1009.46
greedy,7,1009.46
greedy,2,1009.46
greedy,27,1009.46
greedy,21,1009.46
greedy,23,1009.46
greedy,11,1009.46
greedy,53,1009.46
greedy,15,1009.46
greedy,15,1009.46
greedy,3,1009.46
greedy,15,1009.46
greedy,11,1009.46
greedy,54,1009.46
greedy,33,1009.46
greedy,39,1009.46
greedy,30,1009.46
greedy,21,1009.46
greedy,8,1009.46
greedy,20,1009.46
greedy,6,1009.46
greedy,19,1009.46
greedy,20,1009.46
greedy,16,1009.46
greedy,15,1009.46
greedy,2,1009.46
greedy,14,1009.46
greedy,33,1009.46
greedy,8,1009.46
greedy,14,1009.46
greedy,5,1009.46
greedy,33,1009.46
greedy,13,1009.46
greedy,22,1009.46
greedy,18,1009.46
greedy,14,1009.46
greedy,4,1009.46
greedy,8,1009.46
greedy,2,1009.46
greedy,31,1009.46
greedy,4,1009.46
greedy,1,1009.46
greedy,4,1009.46
greedy,1,1009.46
greedy,14,1009.46
greedy,4,1009.46
greedy,8,1009.46
greedy,7,1009.46
greedy,16,1009.46
greedy,5,1009.46
greedy,5,1009.46
greedy,11,1009.46
greedy,7,1009.46
greedy,8,1009.46
greedy,17,1009.46
greedy,11,1009.46
greedy,3,1009.46
greedy,34,1009.46
greedy,19,1009.46
greedy,44,1009.46
greedy,25,1009.46
greedy,32,1009.46
greedy,6,1009.46
greedy,8,1009.46
greedy,27,1009.46
greedy,9,1009.46
greedy,14,1009.46
greedy,9,1009.46
greedy,7,1009.46
greedy,30,1009.46
greedy,27,1009.46
greedy,25,1009.46
greedy,18,1009.46
greedy,50,1009.46
greedy,18,1009.46
greedy,35,1009.46
greedy,15,1009.46
greedy,15,1009.46
greedy,24,1009.46
greedy,42,1009.46
greedy,12,1009.46
greedy,23,1009.46
greedy,11,1009.46
greedy,1,1009.46
greedy,5,1009.46
greedy,6,1009.46
greedy,27,1009.46
greedy,7,1009.46
greedy,39,1009.46
greedy,19,1009.46
greedy,15,1009.46
greedy,38,1009.46
greedy,15,1009.46
greedy,11,1009.46
greedy,12,1009.46
greedy,5,1009.46
greedy,7,1009.46
greedy,10,1009.46
greedy,47,1009.46
greedy,8,1009.46
greedy,29,1009.46
greedy,18,1009.46
greedy,31,1009.46
greedy,25,1009.46
greedy,17,1009.46
greedy,24,1009.46
greedy,26,1009.46
greedy,17,1009.46
greedy,22,1009.46
greedy,41,1009.46
greedy,12,1009.46
greedy,34,1009.46
greedy,28,1009.46
greedy,2,1009.46
greedy,14,1009.46
greedy,13,1009.46
greedy,5,1009.46
greedy,14,1009.46
greedy,20,1009.46
greedy,11,1009.46
greedy,7,1009.46
greedy,23,1009.46
greedy,22,1009.46
greedy,20,1009.46
greedy,9,1009.46
greedy,26,1009.46
greedy,9,1009.46
greedy,10,1009.46
greedy,15,1009.46
greedy,7,1009.46
greedy,42,1009.46
greedy,17,1009.46
greedy,36,1009.46
greedy,9,1009.46
greedy,30,1009.46
greedy,27,1009.46
greedy,34,1009.46
greedy,16,1009.46
greedy,10,1009.46
greedy,7,1009.46
greedy,73,1009.46
greedy,14,1009.46
greedy,30,1009.46
greedy,4,1009.46
greedy,12,1009.46
greedy,13,1009.46
greedy,30,1009.46
greedy,13,1009.46
greedy,23,1009.46
greedy,47,1009.46
greedy,15,1009.46
greedy,32,1009.46
greedy,33,1009.46
greedy,26,1009.46
greedy,3,1009.46
greedy,12,1009.46
greedy,60,1009.46
greedy,35,1009.46
greedy,31,1009.46
greedy,11,1009.46
greedy,32,1009.46
greedy,11,1009.46
greedy,62,1009.46
greedy,13,1009.46
greedy,26,1009.46
greedy,21,1009.46
greedy,26,1009.46
greedy,42,1009.46
greedy,52,1009.46
greedy,16,1009.46
greedy,30,1009.46
greedy,27,1009.46
greedy,10,1009.46
greedy,12,1009.46
greedy,27,1009.46
greedy,37,1009.46
greedy,9,1009.46
greedy,11,1009.46
greedy,12,1009.46
greedy,9,1009.46
greedy,17,1009.46
greedy,4,1009.46
greedy,19,1009.46
greedy,14,1009.46
greedy,28,1009.46
greedy,22,1009.46
greedy,15,1009.46
greedy,7,1009.46
greedy,25,1009.46
greedy,11,1009.46
greedy,8,1009.46
greedy,3,1009.46
greedy,17,1009.46
greedy,12,1009.46
greedy,8,1009.46
greedy,22,1009.46
greedy,17,1009.46
greedy,29,1009.46
greedy,28,1009.46
greedy,15,1009.46
greedy,15,1009.46
greedy,12,1009.46
greedy,11,1009.46
greedy,49,1009.46
greedy,40,1009.46
greedy,49,1009.46
greedy,15,1009.46
greedy,41,1009.46
greedy,4,1009.46
greedy,19,1009.46
greedy,7,1009.46
greedy,11,1009.46
greedy,45,1009.46
greedy,39,1009.46
greedy,21,1009.46
greedy,2,1009.46
greedy,23,1009.46
greedy,8,1009.46
greedy,12,1009.46
greedy,4,1009.46
greedy,8,1009.46
greedy,17,1009.46
greedy,10,1009.46
greedy,24,1009.46
greedy,7,1009.46
greedy,9,1009.46
greedy,11,1009.46
greedy,10,1009.46
greedy,4,1009.46
greedy,12,1009.46
greedy,6,1009.46
greedy,13,1009.46
greedy,8,1009.46
greedy,7,1009.46
greedy,8,1009.46
greedy,4,1009.46
greedy,15,1009.46
greedy,2,1009.46
greedy,9,1009.46
greedy,2,1009.46
greedy,19,1009.46
greedy,28,1009.46
greedy,14,1009.46
greedy,13,1009.46
greedy,11,1009.46
greedy,15,1009.46
greedy,13,1009.46
greedy,7,1009.46
greedy,11,1009.46
greedy,9,1009.46
greedy,29,1009.46
greedy,34,1009.46
greedy,23,1009.46
greedy,16,1009.46
greedy,11,1009.46
greedy,8,1009.46
greedy,3,1009.46
greedy,15,1009.46
greedy,16,1009.46
greedy,13,1009.46
greedy,8,1009.46
greedy,2,1009.46
greedy,9,1009.46
greedy,15,1009.46
greedy,10,1009.46
greedy,13,1009.46
greedy,10,1009.46
greedy,5,1009.46
greedy,24,1009.46
greedy,16,1009.46
greedy,9,1009.46
greedy,12,1009.46
greedy,6,1009.46
greedy,8,1009.46
greedy,6,1009.46
greedy,12,1009.46
greedy,12,1009.46
greedy,10,1009.46
greedy,6,1009.46
greedy,7,1009.46
greedy,3,1009.46
greedy,6,1009.46
greedy,3,1009.46
greedy,12,1009.46
greedy,35,1009.46
greedy,20,1009.46
greedy,13,1009.46
greedy,15,1009.46
greedy,11,1009.46
greedy,13,1009.46
greedy,12,1009.46
greedy,11,1009.46
greedy,5,1009.46
greedy,9,1009.46
greedy,12,1009.46
greedy,14,1009.46
greedy,9,1009.46
greedy,3,1009.46
greedy,8,1009.46
greedy,4,1009.46
greedy,7,1009.46
greedy,47,1009.46
greedy,29,1009.46
greedy,8,1009.46
greedy,13,1009.46
greedy,4,1009.46
greedy,28,1009.46
greedy,4,1009.46
greedy,13,1009.46
greedy,13,1009.46
greedy,4,1009.46
greedy,28,1009.46
greedy,24,1009.46
greedy,9,1009.46
greedy,31,1009.46
greedy,14,1009.46
greedy,2,1009.46
greedy,11,1009.46
greedy,16,1009.46
greedy,9,1009.46
greedy,24,1009.46
greedy,12,1009.46
greedy,2,1009.46
greedy,16,1009.46
greedy,17,1009.46
greedy,13,1009.46
greedy,49,1009.46
greedy,46,1009.46
greedy,12,1009.46
greedy,24,1009.46
greedy,12,1009.46
greedy,10,1009.46
greedy,8,1009.46
greedy,21,1009.46
greedy,7,1009.46
greedy,7,1009.46
greedy,34,1009.46
greedy,30,1009.46
greedy,28,1009.46
greedy,3,1009.46
greedy,26,1009.46
greedy,53,1009.46
greedy,40,1009.46
greedy,4,1009.46
greedy,24,1009.46
greedy,7,1009.46
greedy,22,1009.46
greedy,46,1009.46
greedy,6,1009.46
greedy,8,1009.46
greedy,12,1009.46
greedy,19,1009.46
greedy,36,1009.46
greedy,21,1009.46
greedy,10,1009.46
greedy,19,1009.46
greedy,15,1009.46
greedy,14,1009.46
greedy,29,1009.46
greedy,10,1009.46
greedy,18,1009.46
greedy,69,1009.46
greedy,16,1009.46
greedy,3,1009.46
greedy,31,1009.46
greedy,31,1009.46
greedy,7,1009.46
greedy,4,1009.46
greedy,14,1009.46
greedy,8,1009.46
greedy,29,1009.46
greedy,9,1009.46
greedy,37,1009.46
greedy,8,1009.46
greedy,12,1009.46
greedy,18,1009.46
greedy,24,1009.46
greedy,6,1009.46
greedy,2,1009.46
greedy,7,1009.46
greedy,7,1009.46
greedy,5,1009.46
greedy,7,1009.46
greedy,11,1009.46
greedy,20,1009.46
greedy,4,1009.46
greedy,8,1009.46
greedy,8,1009.46
greedy,9,1009.46
greedy,23,1009.46
greedy,14,1009.46
greedy,5,1009.46
greedy,4,1009.46
greedy,26,1009.46
greedy,11,1009.46
greedy,11,1009.46
greedy,11,1009.46
greedy,13,1009.46
greedy,6,1009.46
greedy,1,1009.46
greedy,19,1009.46
greedy,6,1009.46
greedy,17,1009.46
greedy,11,1009.46
greedy,8,1009.46
greedy,9,1009.46
greedy,1,1009.46
greedy,4,1009.46
greedy,7,1009.46
greedy,4,1009.46
greedy,9,1009.46
greedy,7,1009.46
greedy,5,1009.46
greedy,5,1009.46
greedy,29,1009.46
greedy,8,1009.46
greedy,25,1009.46
greedy,26,1009.46
greedy,10,1009.46
greedy,11,1009.46
greedy,15,1009.46
greedy,8,1009.46
greedy,10,1009.46
greedy,48,1009.46
greedy,29,1009.46
greedy,31,1009.46
greedy,8,1009.46
greedy,8,1009.46
greedy,24,1009.46
greedy,6,1009.46
greedy,35,1009.46
greedy,23,1009.46
greedy,43,1009.46
greedy,60,1009.46
greedy,4,1009.46
greedy,16,1009.46
greedy,36,1009.46
greedy,71,1009.46
greedy,43,1009.46
greedy,13,1009.46
greedy,18,1009.46
greedy,16,1009.46
greedy,15,1009.46
greedy,50,1009.46
greedy,18,1009.46
greedy,14,1009.46
greedy,9,1009.46
greedy,21,1009.46
greedy,13,1009.46
greedy,28,1009.46
greedy,8,1009.46
greedy,5,1009.46
greedy,29,1009.46
greedy,5,1009.46
greedy,12,1009.46
greedy,10,1009.46
greedy,6,1009.46
greedy,21,1009.46
greedy,49,1009.46
greedy,21,1009.46
greedy,9,1009.46
greedy,16,1009.46
greedy,14,1009.46
greedy,31,1009.46
greedy,41,1009.46
greedy,32,1009.46
greedy,15,1009.46
greedy,35,1009.46
greedy,16,1009.46
greedy,18,1009.46
greedy,25,1009.46
greedy,9,1009.46
greedy,24,1009.46
greedy,28,1009.46
greedy,19,1009.46
greedy,25,1009.46
greedy,20,1009.46
greedy,12,1009.46
greedy,51,1009.46
greedy,6,1009.46
greedy,3,1009.46
greedy,20,1009.46
greedy,34,1009.46
greedy,8,1009.46
greedy,18,1009.46
greedy,27,1009.46
greedy,19,1009.46
greedy,22,1009.46
greedy,25,1009.46
greedy,36,1009.46
greedy,15,1009.46
greedy,2,1009.46
greedy,22,1009.46
greedy,7,1009.46
greedy,17,1009.46
greedy,12,1009.46
greedy,9,1009.46
greedy,2,1009.46
greedy,14,1009.46
greedy,9,1009.46
greedy,1,1009.46
greedy,21,1009.46
greedy,45,1009.46
greedy,8,1009.46
greedy,29,1009.46
greedy,20,1009.46
greedy,23,1009.46
greedy,23,1009.46
greedy,43,1009.46
greedy,27,1009.46
greedy,16,1009.46
greedy,6,1009.46
greedy,33,1009.46
greedy,46,1009.46
greedy,21,1009.46
greedy,35,1009.46
greedy,9,1009.46
greedy,8,1009.46
greedy,11,1009.46
greedy,40,1009.46
greedy,12,1009.46
greedy,12,1009.46
greedy,8,1009.46
greedy,13,1009.46
greedy,21,1009.46
greedy,17,1009.46
greedy,30,1009.46
greedy,47,1009.46
greedy,8,1009.46
greedy,65,1009.46
greedy,36,1009.46
greedy,22,1009.46
greedy,10,1009.46
greedy,16,1009.46
greedy,11,1009.46
greedy,9,1009.46
greedy,37,1009.46
greedy,7,1009.46
greedy,16,1009.46
greedy,9,1009.46
greedy,10,1009.46
greedy,20,1009.46
greedy,54,1009.46
greedy,7,1009.46
greedy,46,1009.46
greedy,14,1009.46
greedy,15,1009.46
greedy,36,1009.46
greedy,25,1009.46
greedy,18,1009.46
greedy,23,1009.46
greedy,42,1009.46
greedy,25,1009.46
greedy,7,1009.46
greedy,16,1009.46
greedy,13,1009.46
greedy,20,1009.46
greedy,2,1009.46
greedy,15,1009.46
greedy,51,1009.46
greedy,29,1009.46
greedy,19,1009.46
greedy,59,1009.46
greedy,75,1009.46
greedy,46,1009.46
greedy,18,1009.46
greedy,46,1009.46
greedy,5,1009.46
greedy,26,1009.46
greedy,26,1009.46
greedy,11,1009.46
greedy,14,1009.46
greedy,11,1009.46
greedy,24,1009.46
greedy,55,1009.46
greedy,6,1009.46
greedy,25,1009.46
greedy,10,1009.46
greedy,14,1009.46
greedy,13,1009.46
greedy,23,1009.46
greedy,13,1009.46
greedy,24,1009.46
greedy,38,1009.46
greedy,51,1009.46
greedy,23,1009.46
greedy,33,1009.46
greedy,18,1009.46
greedy,26,1009.46
greedy,36,1009.46
greedy,60,1009.46
greedy,18,1009.46
greedy,81,1009.46
greedy,16,1009.46
greedy,19,1009.46
greedy,13,1009.46
greedy,11,1009.46
greedy,37,1009.46
greedy,6,1009.46
greedy,16,1009.46
greedy,32,1009.46
greedy,59,1009.46
greedy,62,1009.46
greedy,5,1009.46
greedy,79,1009.46
greedy,32,1009.46
greedy,78,1009.46
greedy,15,1009.46
greedy,18,1009.46
greedy,55,1009.46
greedy,10,1009.46
greedy,25,1009.46
greedy,34,1009.46
greedy,21,1009.46
greedy,10,1009.46
greedy,13,1009.46
greedy,18,1009.46
greedy,9,1009.46
greedy,34,1009.46
greedy,23,1009.46
greedy,27,1009.46
greedy,44,1009.46
greedy,41,1009.46
greedy,54,1009.46
greedy,25,1009.46
greedy,65,1009.46
greedy,29,1009.46
greedy,26,1009.46
greedy,7,1009.46
greedy,26,1009.46
greedy,13,1009.46
greedy,59,1009.46
greedy,9,1009.46
greedy,13,1009.46
greedy,20,1009.46
greedy,27,1009.46
greedy,24,1009.46
greedy,15,1009.46
greedy,21,1009.46
greedy,48,1009.46
greedy,49,1009.46
greedy,5,1009.46
greedy,45,1009.46
greedy,55,1009.46
greedy,16,1009.46
greedy,6,1009.46
greedy,17,1009.46
greedy,13,1009.46
greedy,7,1009.46
greedy,8,1009.46
greedy,9,1009.46
greedy,6,1009.46
greedy,2,1009.46
greedy,18,1009.46
greedy,16,1009.46
greedy,5,1009.46
greedy,14,1009.46
greedy,4,1009.46
greedy,9,1009.46
greedy,1,1009.46
greedy,7,1009.46
greedy,22,1009.46
greedy,4,1009.46
greedy,6,1009.46
greedy,3,1009.46
greedy,6,1009.46
greedy,11,1009.46
greedy,5,1009.46
greedy,10,1009.46
greedy,1,1009.46
greedy,17,1009.46
greedy,14,1009.46
greedy,60,1009.46
greedy,39,1009.46
greedy,10,1009.46
greedy,4,1009.46
greedy,21,1009.46
greedy,20,1009.46
greedy,25,1009.46
greedy,38,1009.46
greedy,17,1009.46
greedy,13,1009.46
greedy,43,1009.46
greedy,8,1009.46
greedy,15,1009.46
greedy,43,1009.46
greedy,10,1009.46
greedy,7,1009.46
greedy,19,1009.46
greedy,3,1009.46
greedy,9,1009.46
greedy,9,1009.46
greedy,11,1009.46
greedy,1,1009.46
greedy,1,1009.46
greedy,7,1009.46
greedy,20,1009.46
greedy,14,1009.46
greedy,1,1009.46
greedy,8,1009.46
greedy,15,1009.46
greedy,27,1009.46
greedy,13,1009.46
greedy,11,1009.46
greedy,41,1009.46
greedy,5,1009.46
greedy,7,1009.46
greedy,19,1009.46
greedy,13,1009.46
greedy,18,1009.46
greedy,21,1009.46
greedy,56,1009.46
greedy,27,1009.46
greedy,34,1009.46
greedy,21,1009.46
greedy,20,1009.46
greedy,18,1009.46
greedy,2,1009.46
greedy,47,1009.46
greedy,51,1009.46
greedy,3,1009.46
greedy,18,1009.46
greedy,7,1009.46
greedy,10,1009.46
greedy,11,1009.46
greedy,8,1009.46
greedy,9,1009.46
greedy,13,1009.46
greedy,27,1009.46
greedy,47,1009.46
greedy,18,1009.46
greedy,38,1009.46
greedy,20,1009.46
greedy,13,1009.46
greedy,46,1009.46
greedy,26,1009.46
greedy,77,1009.46
greedy,11,1009.46
greedy,49,1009.46
greedy,26,1009.46
greedy,14,1009.46
greedy,42,1009.46
greedy,15,1009.46
greedy,17,1009.46
greedy,50,1009.46
greedy,63,1009.46
greedy,38,1009.46
greedy,40,1009.46
greedy,6,1009.46
greedy,26,1009.46
greedy,32,1009.46
greedy,13,1009.46
greedy,2,1009.46
greedy,16,1009.46
greedy,9,1009.46
greedy,9,1009.46
greedy,11,1009.46
greedy,9,1009.46
greedy,44,1009.46
greedy,21,1009.46
greedy,6,1009.46
greedy,10,1009.46
greedy,21,1009.46
greedy,34,1009.46
greedy,40,1009.46
greedy,9,1009.46
greedy,3,1009.46
greedy,26,1009.46
greedy,95,1009.46
greedy,27,1009.46
greedy,59,1009.46
greedy,15,1009.46
greedy,44,1009.46
greedy,39,1009.46
greedy,6,1009.46
greedy,28,1009.46
greedy,65,1009.46
greedy,29,1009.46
greedy,17,1009.46
greedy,40,1009.46
greedy,4,1009.46
greedy,5,1009.46
greedy,37,1009.46
greedy,3,1009.46
greedy,54,1009.46
greedy,7,1009.46
greedy,12,1009.46
greedy,49,1009.46
greedy,49,1009.46
greedy,114,1009.46
greedy,16,1009.46
greedy,27,1009.46
greedy,10,1009.46
greedy,30,1009.46
greedy,23,1009.46
greedy,26,1009.46
greedy,21,1009.46
greedy,38,1009.46
greedy,5,1009.46
greedy,24,1009.46
greedy,11,1009.46
greedy,10,1009.46
greedy,1,1009.46
greedy,5,1009.46
greedy,2,1009.46
greedy,5,1009.46
greedy,3,1009.46
greedy,13,1009.46
greedy,3,1009.46
greedy,5,1009.46
greedy,24,1009.46
greedy,12,1009.46
greedy,12,1009.46
greedy,18,1009.46
greedy,12,1009.46
greedy,12,1009.46
greedy,31,1009.46
greedy,18,1009.46
greedy,22,1009.46
greedy,20,1009.46
greedy,12,1009.46
greedy,25,1009.46
greedy,25,1009.46
greedy,14,1009.46
greedy,17,1009.46
greedy,28,1009.46
greedy,28,1009.46
greedy,22,1009.46
greedy,17,1009.46
greedy,14,1009.46
greedy,9,1009.46
greedy,23,1009.46
greedy,5,1009.46
greedy,10,1009.46
greedy,14,1009.46
greedy,23,1009.46
greedy,35,1009.46
greedy,11,1009.46
greedy,6,1009.46
greedy,19,1009.46
greedy,22,1009.46
greedy,2,1009.46
greedy,13,1009.46
greedy,7,1009.46
greedy,5,1009.46
greedy,13,1009.46
greedy,12,1009.46
greedy,6,1009.46
greedy,24,1009.46
greedy,16,1009.46
greedy,9,1009.46
greedy,4,1009.46
greedy,2,1009.46
greedy,14,1009.46
greedy,7,1009.46
greedy,16,1009.46
greedy,26,1009.46
greedy,25,1009.46
greedy,36,1009.46
greedy,26,1009.46
greedy,36,1009.46
beam,35,1078.58
beam,4,1078.58
beam,15,1078.58
beam,17,1078.58
beam,4,1078.58
beam,4,1078.58
beam,4,1078.58
beam,1,1078.58
beam,12,1078.58
beam,14,1078.58
beam,7,1078.58
beam,10,1078.58
beam,1,1078.58
beam,2,1078.58
beam,11,1078.58
beam,22,1078.58
beam,12,1078.58
beam,18,1078.58
beam,18,1078.58
beam,25,1078.58
beam,6,1078.58
beam,20,1078.58
beam,17,1078.58
beam,9,1078.58
beam,33,1078.58
beam,16,1078.58
beam,26,1078.58
beam,31,1078.58
beam,31,1078.58
beam,30,1078.58
beam,21,1078.58
beam,39,1078.58
beam,24,1078.58
beam,4,1078.58
beam,3,1078.58
beam,11,1078.58
beam,14,1078.58
beam,29,1078.58
beam,14,1078.58
beam,23,1078.58
beam,17,1078.58
beam,51,1078.58
beam,12,1078.58
beam,12,1078.58
beam,10,1078.58
beam,44,1078.58
beam,22,1078.58
beam,46,1078.58
beam,4,1078.58
beam,14,1078.58
beam,12,1078.58
beam,21,1078.58
beam,18,1078.58
beam,18,1078.58
beam,27,1078.58
beam,27,1078.58
beam,7,1078.58
beam,9,1078.58
beam,6,1078.58
beam,17,1078.58
beam,15,1078.58
beam,36,1078.58
beam,19,1078.58
beam,39,1078.58
beam,16,1078.58
beam,10,1078.58
beam,27,1078.58
beam,13,1078.58
beam,67,1078.58
beam,24,1078.58
beam,24,1078.58
beam,9,1078.58
beam,16,1078.58
beam,13,1078.58
beam,18,1078.58
beam,16,1078.58
beam,10,1078.58
beam,5,1078.58
beam,7,1078.58
beam,9,1078.58
beam,18,1078.58
beam,27,1078.58
beam,38,1078.58
beam,28,1078.58
beam,9,1078.58
beam,25,1078.58
beam,28,1078.58
beam,26,1078.58
beam,10,1078.58
beam,14,1078.58
beam,38,1078.58
beam,2,1078.58
beam,4,1078.58
beam,51,1078.58
beam,39,1078.58
beam,33,1078.58
beam,25,1078.58
beam,27,1078.58
beam,24,1078.58
beam,42,1078.58
beam,32,1078.58
beam,17,1078.58
beam,35,1078.58
beam,17,1078.58
beam,46,1078.58
beam,17,1078.58
beam,29,1078.58
beam,28,1078.58
beam,21,1078.58
beam,19,1078.58
beam,5,1078.58
beam,3,1078.58
beam,60,1078.58
beam,17,1078.58
beam,17,1078.58
beam,10,1078.58
beam,33,1078.58
beam,23,1078.58
beam,29,1078.58
beam,24,1078.58
beam,13,1078.58
beam,13,1078.58
beam,34,1078.58
beam,20,1078.58
beam,13,1078.58
beam,13,1078.58
beam,12,1078.58
beam,41,1078.58
beam,12,1078.58
beam,19,1078.58
beam,48,1078.58
beam,11,1078.58
beam,33,1078.58
beam,27,1078.58
beam,16,1078.58
beam,14,1078.58
beam,16,1078.58
beam,10,1078.58
beam,50,1078.58
beam,6,1078.58
beam,7,1078.58
beam,2,1078.58
beam,27,1078.58
beam,21,1078.58
beam,23,1078.58
beam,11,1078.58
beam,53,1078.58
beam,15,1078.58
beam,15,1078.58
beam,3,1078.58
beam,15,1078.58
beam,11,1078.58
beam,54,1078.58
beam,33,1078.58
beam,39,1078.58
beam,30,1078.58
beam,21,1078.58
beam,8,1078.58
beam,20,1078.58
beam,6,1078.58
beam,19,1078.58
beam,20,1078.58
beam,16,1078.58
beam,15,1078.58
beam,2,1078.58
beam,14,1078.58
beam,33,1078.58
beam,8,1078.58
beam,14,1078.58
beam,5,1078.58
beam,33,1078.58
beam,13,1078.58
beam,22,1078.58
beam,18,1078.58
beam,14,1078.58
beam,4,1078.58
beam,8,1078.58
beam,2,1078.58
beam,31,1078.58
beam,4,1078.58
beam,1,1078.58
beam,4,1078.58
beam,1,1078.58
beam,14,1078.58
beam,4,1078.58
beam,8,1078.58
beam,7,1078.58
beam,16,1078.58
beam,5,1078.58
beam,5,1078.58
beam,11,1078.58
beam,7,1078.58
beam,8,1078.58
beam,17,1078.58
beam,11,1078.58
beam,3,1078.58
beam,34,1078.58
beam,19,1078.58
beam,44,1078.58
beam,25,1078.58
beam,32,1078.58
beam,6,1078.58
beam,8,1078.58
beam,27,1078.58
beam,9,1078.58
beam,14,1078.58
beam,9,1078.58
beam,7,1078.58
beam,30,1078.58
beam,27,1078.58
beam,25,1078.58
beam,18,1078.58
beam,50,1078.58
beam,18,1078.58
beam,35,1078.58
beam,15,1078.58
beam,15,1078.58
beam,24,1078.58
beam,42,1078.58
beam,12,1078.58
beam,23,1078.58
beam,11,1078.58
beam,1,1078.58
beam,5,1078.58
beam,6,1078.58
beam,27,1078.58
beam,7,1078.58
beam,39,1078.58
beam,19,1078.58
beam,15,1078.58
beam,38,1078.58
beam,15,1078.58
beam,11,1078.58
beam,12,1078.58
beam,5,1078.58
beam,7,1078.58
beam,10,1078.58
beam,47,1078.58
beam,8,1078.58
beam,29,1078.58
beam,18,1078.58
beam,31,1078.58
beam,25,1078.58
beam,17,1078.58
beam,24,1078.58
beam,26,1078.58
beam,17,1078.58
beam,22,1078.58
beam,41,1078.58
beam,12,1078.58
beam,34,1078.58
beam,28,1078.58
beam,2,1078.58
beam,14,1078.58
beam,13,1078.58
beam,5,1078.58
beam,14,1078.58
beam,20,1078.58
beam,11,1078.58
beam,7,1078.58
beam,23,1078.58
beam,22,1078.58
beam,20,1078.58
beam,9,1078.58
beam,26,1078.58
beam,9,1078.58
beam,10,1078.58
beam,15,1078.58
beam,7,1078.58
beam,42,1078.58
beam,17,1078.58
beam,36,1078.58
beam,9,1078.58
beam,30,1078.58
beam,27,1078.58
beam,34,1078.58
beam,16,1078.58
beam,10,1078.58
beam,7,1078.58
beam,73,1078.58
beam,14,1078.58
beam,30,1078.58
beam,4,1078.58
beam,12,1078.58
beam,13,1078.58
beam,30,1078.58
beam,13,1078.58
beam,23,1078.58
beam,47,1078.58
beam,15,1078.58
beam,32,1078.58
beam,33,1078.58
beam,26,1078.58
beam,3,1078.58
beam,12,1078.58
beam,60,1078.58
beam,35,1078.58
beam,31,1078.58
beam,11,1078.58
beam,32,1078.58
beam,11,1078.58
beam,62,1078.58
beam,13,1078.58
beam,26,1078.58
beam,21,1078.58
beam,26,1078.58
beam,42,1078.58
beam,52,1078.58
beam,16,1078.58
beam,30,1078.58
beam,27,1078.58
beam,10,1078.58
beam,12,1078.58
beam,27,1078.58
beam,37,1078.58
beam,9,1078.58
beam,11,1078.58
beam,12,1078.58
beam,9,1078.58
beam,17,1078.58
beam,4,1078.58
beam,19,1078.58
beam,14,1078.58
beam,28,1078.58
beam,22,1078.58
beam,15,1078.58
beam,7,1078.58
beam,25,1078.58
beam,11,1078.58
beam,8,1078.58
beam,3,1078.58
beam,17,1078.58
beam,12,1078.58
beam,8,1078.58
beam,22,1078.58
beam,17,1078.58
beam,29,1078.58
beam,28,1078.58
beam,15,1078.58
beam,15,1078.58
beam,12,1078.58
beam,11,1078.58
beam,49,1078.58
beam,40,1078.58
beam,49,1078.58
beam,15,1078.58
beam,41,1078.58
beam,4,1078.58
beam,19,1078.58
beam,7,1078.58
beam,11,1078.58
beam,45,1078.58
beam,39,1078.58
beam,21,1078.58
beam,2,1078.58
beam,23,1078.58
beam,8,1078.58
beam,12,1078.58
beam,4,1078.58
beam,8,1078.58
beam,17,1078.58
beam,10,1078.58
beam,24,1078.58
beam,7,1078.58
beam,9,1078.58
beam,11,1078.58
beam,10,1078.58
beam,4,1078.58
beam,12,1078.58
beam,6,1078.58
beam,13,1078.58
beam,8,1078.58
beam,7,1078.58
beam,8,1078.58
beam,4,1078.58
beam,15,1078.58
beam,2,1078.58
beam,9,1078.58
beam,2,1078.58
beam,19,1078.58
beam,28,1078.58
beam,14,1078.58
beam,13,1078.58
beam,11,1078.58
beam,15,1078.58
beam,13,1078.58
beam,7,1078.58
beam,11,1078.58
beam,9,1078.58
beam,29,1078.58
beam,34,1078.58
beam,23,1078.58
beam,16,1078.58
beam,11,1078.58
beam,8,1078.58
beam,3,1078.58
beam,15,1078.58
beam,16,1078.58
beam,13,1078.58
beam,8,1078.58
beam,2,1078.58
beam,9,1078.58
beam,15,1078.58
beam,10,1078.58
beam,13,1078.58
beam,10,1078.58
beam,5,1078.58
beam,24,1078.58
beam,16,1078.58
beam,9,1078.58
beam,12,1078.58
beam,6,1078.58
beam,8,1078.58
beam,6,1078.58
beam,12,1078.58
beam,12,1078.58
beam,10,1078.58
beam,6,1078.58
beam,7,1078.58
beam,3,1078.58
beam,6,1078.58
beam,3,1078.58
beam,12,1078.58
beam,35,1078.58
beam,20,1078.58
beam,13,1078.58
beam,15,1078.58
beam,11,1078.58
beam,13,1078.58
beam,12,1078.58
beam,11,1078.58
beam,5,1078.58
beam,9,1078.58
beam,12,1078.58
beam,14,1078.58
beam,9,1078.58
beam,3,1078.58
beam,8,1078.58
beam,4,1078.58
beam,7,1078.58
beam,47,1078.58
beam,29,1078.58
beam,8,1078.58
beam,13,1078.58
beam,4,1078.58
beam,28,1078.58
beam,4,1078.58
beam,13,1078.58
beam,13,1078.58
beam,4,1078.58
beam,28,1078.58
beam,24,1078.58
beam,9,1078.58
beam,31,1078.58
beam,14,1078.58
beam,2,1078.58
beam,11,1078.58
beam,16,1078.58
beam,9,1078.58
beam,24,1078.58
beam,12,1078.58
beam,2,1078.58
beam,16,1078.58
beam,17,1078.58
beam,13,1078.58
beam,49,1078.58
beam,46,1078.58
beam,12,1078.58
beam,24,1078.58
beam,12,1078.58
beam,10,1078.58
beam,8,1078.58
beam,21,1078.58
beam,7,1078.58
beam,7,1078.58
beam,34,1078.58
beam,30,1078.58
beam,28,1078.58
beam,3,1078.58
beam,26,1078.58
beam,53,1078.58
beam,40,1078.58
beam,4,1078.58
beam,24,1078.58
beam,7,1078.58
beam,22,1078.58
beam,46,1078.58
beam,6,1078.58
beam,8,1078.58
beam,12,1078.58
beam,19,1078.58
beam,36,1078.58
beam,21,1078.58
beam,10,1078.58
beam,19,1078.58
beam,15,1078.58
beam,14,1078.58
beam,29,1078.58
beam,10,1078.58
beam,18,1078.58
beam,69,1078.58
beam,16,1078.58
beam,3,1078.58
beam,31,1078.58
beam,31,1078.58
beam,7,1078.58
beam,4,1078.58
beam,14,1078.58
beam,8,1078.58
beam,29,1078.58
beam,9,1078.58
beam,37,1078.58
beam,8,1078.58
beam,12,1078.58
beam,18,1078.58
beam,24,1078.58
beam,6,1078.58
beam,2,1078.58
beam,7,1078.58
beam,7,1078.58
beam,5,1078.58
beam,7,1078.58
beam,11,1078.58
beam,20,1078.58
beam,4,1078.58
beam,8,1078.58
beam,8,1078.58
beam,9,1078.58
beam,23,1078.58
beam,14,1078.58
beam,5,1078.58
beam,4,1078.58
beam,26,1078.58
beam,11,1078.58
beam,11,1078.58
beam,11,1078.58
beam,13,1078.58
beam,6,1078.58
beam,1,1078.58
beam,19,1078.58
beam,6,1078.58
beam,17,1078.58
beam,11,1078.58
beam,8,1078.58
beam,9,1078.58
beam,1,1078.58
beam,4,1078.58
beam,7,1078.58
beam,4,1078.58
beam,9,1078.58
beam,7,1078.58
beam,5,1078.58
beam,5,1078.58
beam,29,1078.58
beam,8,1078.58
beam,25,1078.58
beam,26,1078.58
beam,10,1078.58
beam,11,1078.58
beam,15,1078.58
beam,8,1078.58
beam,10,1078.58
beam,48,1078.58
beam,29,1078.58
beam,31,1078.58
beam,8,1078.58
beam,8,1078.58
beam,24,1078.58
beam,6,1078.58
beam,35,1078.58
beam,23,1078.58
beam,43,1078.58
beam,60,1078.58
beam,4,1078.58
beam,16,1078.58
beam,36,1078.58
beam,71,1078.58
beam,43,1078.58
beam,13,1078.58
beam,18,1078.58
beam,16,1078.58
beam,15,1078.58
beam,50,1078.58
beam,18,1078.58
beam,14,1078.58
beam,9,1078.58
beam,21,1078.58
beam,13,1078.58
beam,28,1078.58
beam,8,1078.58
beam,5,1078.58
beam,29,1078.58
beam,5,1078.58
beam,12,1078.58
beam,10,1078.58
beam,6,1078.58
beam,21,1078.58
beam,49,1078.58
beam,21,1078.58
beam,9,1078.58
beam,16,1078.58
beam,14,1078.58
beam,31,1078.58
beam,41,1078.58
beam,32,1078.58
beam,15,1078.58
beam,35,1078.58
beam,16,1078.58
beam,18,1078.58
beam,25,1078.58
beam,9,1078.58
beam,24,1078.58
beam,28,1078.58
beam,19,1078.58
beam,25,1078.58
beam,20,1078.58
beam,12,1078.58
beam,51,1078.58
beam,6,1078.58
beam,3,1078.58
beam,20,1078.58
beam,34,1078.58
beam,8,1078.58
beam,18,1078.58
beam,27,1078.58
beam,19,1078.58
beam,22,1078.58
beam,25,1078.58
beam,36,1078.58
beam,15,1078.58
beam,2,1078.58
beam,22,1078.58
beam,7,1078.58
beam,17,1078.58
beam,12,1078.58
beam,9,1078.58
beam,2,1078.58
beam,14,1078.58
beam,9,1078.58
beam,1,1078.58
beam,21,1078.58
beam,45,1078.58
beam,8,1078.58
beam,29,1078.58
beam,20,1078.58
beam,23,1078.58
beam,23,1078.58
beam,43,1078.58
beam,27,1078.58
beam,16,1078.58
beam,6,1078.58
beam,33,1078.58
beam,46,1078.58
beam,21,1078.58
beam,35,1078.58
beam,9,1078.58
beam,8,1078.58
beam,11,1078.58
beam,40,1078.58
beam,12,1078.58
beam,12,1078.58
beam,8,1078.58
beam,13,1078.58
beam,21,1078.58
beam,17,1078.58
beam,30,1078.58
beam,47,1078.58
beam,8,1078.58
beam,65,1078.58
beam,36,1078.58
beam,22,1078.58
beam,10,1078.58
beam,16,1078.58
beam,11,1078.58
beam,9,1078.58
beam,37,1078.58
beam,7,1078.58
beam,16,1078.58
beam,9,1078.58
beam,10,1078.58
beam,20,1078.58
beam,54,1078.58
beam,7,1078.58
beam,46,1078.58
beam,14,1078.58
beam,15,1078.58
beam,36,1078.58
beam,25,1078.58
beam,18,1078.58
beam,23,1078.58
beam,42,1078.58
beam,25,1078.58
beam,7,1078.58
beam,16,1078.58
beam,13,1078.58
beam,20,1078.58
beam,2,1078.58
beam,15,1078.58
beam,51,1078.58
beam,29,1078.58
beam,19,1078.58
beam,59,1078.58
beam,75,1078.58
beam,46,1078.58
beam,18,1078.58
beam,46,1078.58
beam,5,1078.58
beam,26,1078.58
beam,26,1078.58
beam,11,1078.58
beam,14,1078.58
beam,11,1078.58
beam,24,1078.58
beam,55,1078.58
beam,6,1078.58
beam,25,1078.58
beam,10,1078.58
beam,14,1078.58
beam,13,1078.58
beam,23,1078.58
beam,13,1078.58
beam,24,1078.58
beam,38,1078.58
beam,51,1078.58
beam,23,1078.58
beam,33,1078.58
beam,18,1078.58
beam,26,1078.58
beam,36,1078.58
beam,60,1078.58
beam,18,1078.58
beam,81,1078.58
beam,16,1078.58
beam,19,1078.58
beam,13,1078.58
beam,11,1078.58
beam,37,1078.58
beam,6,1078.58
beam,16,1078.58
beam,32,1078.58
beam,59,1078.58
beam,62,1078.58
beam,5,1078.58
beam,79,1078.58
beam,32,1078.58
beam,78,1078.58
beam,15,1078.58
beam,18,1078.58
beam,55,1078.58
beam,10,1078.58
beam,25,1078.58
beam,34,1078.58
beam,21,1078.58
beam,10,1078.58
beam,13,1078.58
beam,18,1078.58
beam,9,1078.58
beam,34,1078.58
beam,23,1078.58
beam,27,1078.58
beam,44,1078.58
beam,41,1078.58
beam,54,1078.58
beam,25,1078.58
beam,65,1078.58
beam,29,1078.58
beam,26,1078.58
beam,7,1078.58
beam,26,1078.58
beam,13,1078.58
beam,59,1078.58
beam,9,1078.58
beam,13,1078.58
beam,20,1078.58
beam,27,1078.58
beam,24,1078.58
beam,15,1078.58
beam,21,1078.58
beam,48,1078.58
beam,49,1078.58
beam,5,1078.58
beam,45,1078.58
beam,55,1078.58
beam,16,1078.58
beam,6,1078.58
beam,17,1078.58
beam,13,1078.58
beam,7,1078.58
beam,8,1078.58
beam,9,1078.58
beam,6,1078.58
beam,2,1078.58
beam,18,1078.58
beam,16,1078.58
beam,5,1078.58
beam,14,1078.58
beam,4,1078.58
beam,9,1078.58
beam,1,1078.58
beam,7,1078.58
beam,22,1078.58
beam,4,1078.58
beam,6,1078.58
beam,3,1078.58
beam,6,1078.58
beam,11,1078.58
beam,5,1078.58
beam,10,1078.58
beam,1,1078.58
beam,17,1078.58
beam,14,1078.58
beam,60,1078.58
beam,39,1078.58
beam,10,1078.58
beam,4,1078.58
beam,21,1078.58
beam,20,1078.58
beam,25,1078.58
beam,38,1078.58
beam,17,1078.58
beam,13,1078.58
beam,43,1078.58
beam,8,1078.58
beam,15,1078.58
beam,43,1078.58
beam,10,1078.58
beam,7,1078.58
beam,19,1078.58
beam,3,1078.58
beam,9,1078.58
beam,9,1078.58
beam,11,1078.58
beam,1,1078.58
beam,1,1078.58
beam,7,1078.58
beam,20,1078.58
beam,14,1078.58
beam,1,1078.58
beam,8,1078.58
beam,15,1078.58
beam,27,1078.58
beam,13,1078.58
beam,11,1078.58
beam,41,1078.58
beam,5,1078.58
beam,7,1078.58
beam,19,1078.58
beam,13,1078.58
beam,18,1078.58
beam,21,1078.58
beam,56,1078.58
beam,27,1078.58
beam,34,1078.58
beam,21,1078.58
beam,20,1078.58
beam,18,1078.58
beam,2,1078.58
beam,47,1078.58
beam,51,1078.58
beam,3,1078.58
beam,18,1078.58
beam,7,1078.58
beam,10,1078.58
beam,11,1078.58
beam,8,1078.58
beam,9,1078.58
beam,13,1078.58
beam,27,1078.58
beam,47,1078.58
beam,18,1078.58
beam,38,1078.58
beam,20,1078.58
beam,13,1078.58
beam,46,1078.58
beam,26,1078.58
beam,77,1078.58
beam,11,1078.58
beam,49,1078.58
beam,26,1078.58
beam,14,1078.58
beam,42,1078.58
beam,15,1078.58
beam,17,1078.58
beam,50,1078.58
beam,63,1078.58
beam,38,1078.58
beam,40,1078.58
beam,6,1078.58
beam,26,1078.58
beam,32,1078.58
beam,13,1078.58
beam,2,1078.58
beam,16,1078.58
beam,9,1078.58
beam,9,1078.58
beam,11,1078.58
beam,9,1078.58
beam,44,1078.58
beam,21,1078.58
beam,6,1078.58
beam,10,1078.58
beam,21,1078.58
beam,34,1078.58
beam,40,1078.58
beam,9,1078.58
beam,3,1078.58
beam,26,1078.58
beam,95,1078.58
beam,27,1078.58
beam,59,1078.58
beam,15,1078.58
beam,44,1078.58
beam,39,1078.58
beam,6,1078.58
beam,28,1078.58
beam,65,1078.58
beam,29,1078.58
beam,17,1078.58
beam,40,1078.58
beam,4,1078.58
beam,5,1078.58
beam,37,1078.58
beam,3,1078.58
beam,54,1078.58
beam,7,1078.58
beam,12,1078.58
beam,49,1078.58
beam,49,1078.58
beam,114,1078.58
beam,16,1078.58
beam,27,1078.58
beam,10,1078.58
beam,30,1078.58
beam,23,1078.58
beam,26,1078.58
beam,21,1078.58
beam,38,1078.58
beam,5,1078.58
beam,24,1078.58
beam,11,1078.58
beam,10,1078.58
beam,1,1078.58
beam,5,1078.58
beam,2,1078.58
beam,5,1078.58
beam,3,1078.58
beam,13,1078.58
beam,3,1078.58
beam,5,1078.58
beam,24,1078.58
beam,12,1078.58
beam,12,1078.58
beam,18,1078.58
beam,12,1078.58
beam,12,1078.58
beam,31,1078.58
beam,18,1078.58
beam,22,1078.58
beam,20,1078.58
beam,12,1078.58
beam,25,1078.58
beam,25,1078.58
beam,14,1078.58
beam,17,1078.58
beam,28,1078.58
beam,28,1078.58
beam,22,1078.58
beam,17,1078.58
beam,14,1078.58
beam,9,1078.58
beam,23,1078.58
beam,5,1078.58
beam,10,1078.58
beam,14,1078.58
beam,23,1078.58
beam,35,1078.58
beam,11,1078.58
beam,6,1078.58
beam,19,1078.58
beam,22,1078.58
beam,2,1078.58
beam,13,1078.58
beam,7,1078.58
beam,5,1078.58
beam,13,1078.58
beam,12,1078.58
beam,6,1078.58
beam,24,1078.58
beam,16,1078.58
beam,9,1078.58
beam,4,1078.58
beam,2,1078.58
beam,14,1078.58
beam,7,1078.58
beam,16,1078.58
beam,26,1078.58
beam,25,1078.58
beam,36,1078.58
beam,26,1078.58
beam,36,1078.58
topk,35,1194.58
topk,4,1194.58
topk,15,1194.58
topk,17,1194.58
topk,4,1194.58
topk,4,1194.58
topk,4,1194.58
topk,1,1194.58
topk,12,1194.58
topk,14,1194.58
topk,7,1194.58
topk,10,1194.58
topk,1,1194.58
topk,2,1194.58
topk,11,1194.58
topk,22,1194.58
topk,12,1194.58
topk,18,1194.58
topk,18,1194.58
topk,25,1194.58
topk,6,1194.58
topk,20,1194.58
topk,17,1194.58
topk,9,1194.58
topk,33,1194.58
topk,16,1194.58
topk,26,1194.58
topk,31,1194.58
topk,31,1194.58
topk,30,1194.58
topk,21,1194.58
topk,39,1194.58
topk,24,1194.58
topk,4,1194.58
topk,3,1194.58
topk,11,1194.58
topk,14,1194.58
topk,29,1194.58
topk,14,1194.58
topk,23,1194.58
topk,17,1194.58
topk,51,1194.58
topk,12,1194.58
topk,12,1194.58
topk,10,1194.58
topk,44,1194.58
topk,22,1194.58
topk,46,1194.58
topk,4,1194.58
topk,14,1194.58
topk,12,1194.58
topk,21,1194.58
topk,18,1194.58
topk,18,1194.58
topk,27,1194.58
topk,27,1194.58
topk,7,1194.58
topk,9,1194.58
topk,6,1194.58
topk,17,1194.58
topk,15,1194.58
topk,36,1194.58
topk,19,1194.58
topk,39,1194.58
topk,16,1194.58
topk,10,1194.58
topk,27,1194.58
topk,13,1194.58
topk,67,1194.58
topk,24,1194.58
topk,24,1194.58
topk,9,1194.58
topk,16,1194.58
topk,13,1194.58
topk,18,1194.58
topk,16,1194.58
topk,10,1194.58
topk,5,1194.58
topk,7,1194.58
topk,9,1194.58
topk,18,1194.58
topk,27,1194.58
topk,38,1194.58
topk,28,1194.58
topk,9,1194.58
topk,25,1194.58
topk,28,1194.58
topk,26,1194.58
topk,10,1194.58
topk,14,1194.58
topk,38,1194.58
topk,2,1194.58
topk,4,1194.58
topk,51,1194.58
topk,39,1194.58
topk,33,1194.58
topk,25,1194.58
topk,27,1194.58
topk,24,1194.58
topk,42,1194.58
topk,32,1194.58
topk,17,1194.58
topk,35,1194.58
topk,17,1194.58
topk,46,1194.58
topk,17,1194.58
topk,29,1194.58
topk,28,1194.58
topk,21,1194.58
topk,19,1194.58
topk,5,1194.58
topk,3,1194.58
topk,60,1194.58
topk,17,1194.58
topk,17,1194.58
topk,10,1194.58
topk,33,1194.58
topk,23,1194.58
topk,29,1194.58
topk,24,1194.58
topk,13,1194.58
topk,13,1194.58
topk,34,1194.58
topk,20,1194.58
topk,13,1194.58
topk,13,1194.58
topk,12,1194.58
topk,41,1194.58
topk,12,1194.58
topk,19,1194.58
topk,48,1194.58
topk,11,1194.58
topk,33,1194.58
topk,27,1194.58
topk,16,1194.58
topk,14,1194.58
topk,16,1194.58
topk,10,1194.58
topk,50,1194.58
topk,6,1194.58
topk,7,1194.58
topk,2,1194.58
topk,27,1194.58
topk,21,1194.58
topk,23,1194.58
topk,11,1194.58
topk,53,1194.58
topk,15,1194.58
topk,15,1194.58
topk,3,1194.58
topk,15,1194.58
topk,11,1194.58
topk,54,1194.58
topk,33,1194.58
topk,39,1194.58
topk,30,1194.58
topk,21,1194.58
topk,8,1194.58
topk,20,1194.58
topk,6,1194.58
topk,19,1194.58
topk,20,1194.58
topk,16,1194.58
topk,15,1194.58
topk,2,1194.58
topk,14,1194.58
topk,33,1194.58
topk,8,1194.58
topk,14,1194.58
topk,5,1194.58
topk,33,1194.58
topk,13,1194.58
topk,22,1194.58
topk,18,1194.58
topk,14,1194.58
topk,4,1194.58
topk,8,1194.58
topk,2,1194.58
topk,31,1194.58
topk,4,1194.58
topk,1,1194.58
topk,4,1194.58
topk,1,1194.58
topk,14,1194.58
topk,4,1194.58
topk,8,1194.58
topk,7,1194.58
topk,16,1194.58
topk,5,1194.58
topk,5,1194.58
topk,11,1194.58
topk,7,1194.58
topk,8,1194.58
topk,17,1194.58
topk,11,1194.58
topk,3,1194.58
topk,34,1194.58
topk,19,1194.58
topk,44,1194.58
topk,25,1194.58
topk,32,1194.58
topk,6,1194.58
topk,8,1194.58
topk,27,1194.58
topk,9,1194.58
topk,14,1194.58
topk,9,1194.58
topk,7,1194.58
topk,30,1194.58
topk,27,1194.58
topk,25,1194.58
topk,18,1194.58
topk,50,1194.58
topk,18,1194.58
topk,35,1194.58
topk,15,1194.58
topk,15,1194.58
topk,24,1194.58
topk,42,1194.58
topk,12,1194.58
topk,23,1194.58
topk,11,1194.58
topk,1,1194.58
topk,5,1194.58
topk,6,1194.58
topk,27,1194.58
topk,7,1194.58
topk,39,1194.58
topk,19,1194.58
topk,15,1194.58
topk,38,1194.58
topk,15,1194.58
topk,11,1194.58
topk,12,1194.58
topk,5,1194.58
topk,7,1194.58
topk,10,1194.58
topk,47,1194.58
topk,8,1194.58
topk,29,1194.58
topk,18,1194.58
topk,31,1194.58
topk,25,1194.58
topk,17,1194.58
topk,24,1194.58
topk,26,1194.58
topk,17,1194.58
topk,22,1194.58
topk,41,1194.58
topk,12,1194.58
topk,34,1194.58
topk,28,1194.58
topk,2,1194.58
topk,14,1194.58
topk,13,1194.58
topk,5,1194.58
topk,14,1194.58
topk,20,1194.58
topk,11,1194.58
topk,7,1194.58
topk,23,1194.58
topk,22,1194.58
topk,20,1194.58
topk,9,1194.58
topk,26,1194.58
topk,9,1194.58
topk,10,1194.58
topk,15,1194.58
topk,7,1194.58
topk,42,1194.58
topk,17,1194.58
topk,36,1194.58
topk,9,1194.58
topk,30,1194.58
topk,27,1194.58
topk,34,1194.58
topk,16,1194.58
topk,10,1194.58
topk,7,1194.58
topk,73,1194.58
topk,14,1194.58
topk,30,1194.58
topk,4,1194.58
topk,12,1194.58
topk,13,1194.58
topk,30,1194.58
topk,13,1194.58
topk,23,1194.58
topk,47,1194.58
topk,15,1194.58
topk,32,1194.58
topk,33,1194.58
topk,26,1194.58
topk,3,1194.58
topk,12,1194.58
topk,60,1194.58
topk,35,1194.58
topk,31,1194.58
topk,11,1194.58
topk,32,1194.58
topk,11,1194.58
topk,62,1194.58
topk,13,1194.58
topk,26,1194.58
topk,21,1194.58
topk,26,1194.58
topk,42,1194.58
topk,52,1194.58
topk,16,1194.58
topk,30,1194.58
topk,27,1194.58
topk,10,1194.58
topk,12,1194.58
topk,27,1194.58
topk,37,1194.58
topk,9,1194.58
topk,11,1194.58
topk,12,1194.58
topk,9,1194.58
topk,17,1194.58
topk,4,1194.58
topk,19,1194.58
topk,14,1194.58
topk,28,1194.58
topk,22,1194.58
topk,15,1194.58
topk,7,1194.58
topk,25,1194.58
topk,11,1194.58
topk,8,1194.58
topk,3,1194.58
topk,17,1194.58
topk,12,1194.58
topk,8,1194.58
topk,22,1194.58
topk,17,1194.58
topk,29,1194.58
topk,28,1194.58
topk,15,1194.58
topk,15,1194.58
topk,12,1194.58
topk,11,1194.58
topk,49,1194.58
topk,40,1194.58
topk,49,1194.58
topk,15,1194.58
topk,41,1194.58
topk,4,1194.58
topk,19,1194.58
topk,7,1194.58
topk,11,1194.58
topk,45,1194.58
topk,39,1194.58
topk,21,1194.58
topk,2,1194.58
topk,23,1194.58
topk,8,1194.58
topk,12,1194.58
topk,4,1194.58
topk,8,1194.58
topk,17,1194.58
topk,10,1194.58
topk,24,1194.58
topk,7,1194.58
topk,9,1194.58
topk,11,1194.58
topk,10,1194.58
topk,4,1194.58
topk,12,1194.58
topk,6,1194.58
topk,13,1194.58
topk,8,1194.58
topk,7,1194.58
topk,8,1194.58
topk,4,1194.58
topk,15,1194.58
topk,2,1194.58
topk,9,1194.58
topk,2,1194.58
topk,19,1194.58
topk,28,1194.58
topk,14,1194.58
topk,13,1194.58
topk,11,1194.58
topk,15,1194.58
topk,13,1194.58
topk,7,1194.58
topk,11,1194.58
topk,9,1194.58
topk,29,1194.58
topk,34,1194.58
topk,23,1194.58
topk,16,1194.58
topk,11,1194.58
topk,8,1194.58
topk,3,1194.58
topk,15,1194.58
topk,16,1194.58
topk,13,1194.58
topk,8,1194.58
topk,2,1194.58
topk,9,1194.58
topk,15,1194.58
topk,10,1194.58
topk,13,1194.58
topk,10,1194.58
topk,5,1194.58
topk,24,1194.58
topk,16,1194.58
topk,9,1194.58
topk,12,1194.58
topk,6,1194.58
topk,8,1194.58
topk,6,1194.58
topk,12,1194.58
topk,12,1194.58
topk,10,1194.58
topk,6,1194.58
topk,7,1194.58
topk,3,1194.58
topk,6,1194.58
topk,3,1194.58
topk,12,1194.58
topk,35,1194.58
topk,20,1194.58
topk,13,1194.58
topk,15,1194.58
topk,11,1194.58
topk,13,1194.58
topk,12,1194.58
topk,11,1194.58
topk,5,1194.58
topk,9,1194.58
topk,12,1194.58
topk,14,1194.58
topk,9,1194.58
topk,3,1194.58
topk,8,1194.58
topk,4,1194.58
topk,7,1194.58
topk,47,1194.58
topk,29,1194.58
topk,8,1194.58
topk,13,1194.58
topk,4,1194.58
topk,28,1194.58
topk,4,1194.58
topk,13,1194.58
topk,13,1194.58
topk,4,1194.58
topk,28,1194.58
topk,24,1194.58
topk,9,1194.58
topk,31,1194.58
topk,14,1194.58
topk,2,1194.58
topk,11,1194.58
topk,16,1194.58
topk,9,1194.58
topk,24,1194.58
topk,12,1194.58
topk,2,1194.58
topk,16,1194.58
topk,17,1194.58
topk,13,1194.58
topk,49,1194.58
topk,46,1194.58
topk,12,1194.58
topk,24,1194.58
topk,12,1194.58
topk,10,1194.58
topk,8,1194.58
topk,21,1194.58
topk,7,1194.58
topk,7,1194.58
topk,34,1194.58
topk,30,1194.58
topk,28,1194.58
topk,3,1194.58
topk,26,1194.58
topk,53,1194.58
topk,40,1194.58
topk,4,1194.58
topk,24,1194.58
topk,7,1194.58
topk,22,1194.58
topk,46,1194.58
topk,6,1194.58
topk,8,1194.58
topk,12,1194.58
topk,19,1194.58
topk,36,1194.58
topk,21,1194.58
topk,10,1194.58
topk,19,1194.58
topk,15,1194.58
topk,14,1194.58
topk,29,1194.58
topk,10,1194.58
topk,18,1194.58
topk,69,1194.58
topk,16,1194.58
topk,3,1194.58
topk,31,1194.58
topk,31,1194.58
topk,7,1194.58
topk,4,1194.58
topk,14,1194.58
topk,8,1194.58
topk,29,1194.58
topk,9,1194.58
topk,37,1194.58
topk,8,1194.58
topk,12,1194.58
topk,18,1194.58
topk,24,1194.58
topk,6,1194.58
topk,2,1194.58
topk,7,1194.58
topk,7,1194.58
topk,5,1194.58
topk,7,1194.58
topk,11,1194.58
topk,20,1194.58
topk,4,1194.58
topk,8,1194.58
topk,8,1194.58
topk,9,1194.58
topk,23,1194.58
topk,14,1194.58
topk,5,1194.58
topk,4,1194.58
topk,26,1194.58
topk,11,1194.58
topk,11,1194.58
topk,11,1194.58
topk,13,1194.58
topk,6,1194.58
topk,1,1194.58
topk,19,1194.58
topk,6,1194.58
topk,17,1194.58
topk,11,1194.58
topk,8,1194.58
topk,9,1194.58
topk,1,1194.58
topk,4,1194.58
topk,7,1194.58
topk,4,1194.58
topk,9,1194.58
topk,7,1194.58
topk,5,1194.58
topk,5,1194.58
topk,29,1194.58
topk,8,1194.58
topk,25,1194.58
topk,26,1194.58
topk,10,1194.58
topk,11,1194.58
topk,15,1194.58
topk,8,1194.58
topk,10,1194.58
topk,48,1194.58
topk,29,1194.58
topk,31,1194.58
topk,8,1194.58
topk,8,1194.58
topk,24,1194.58
topk,6,1194.58
topk,35,1194.58
topk,23,1194.58
topk,43,1194.58
topk,60,1194.58
topk,4,1194.58
topk,16,1194.58
topk,36,1194.58
topk,71,1194.58
topk,43,1194.58
topk,13,1194.58
topk,18,1194.58
topk,16,1194.58
topk,15,1194.58
topk,50,1194.58
topk,18,1194.58
topk,14,1194.58
topk,9,1194.58
topk,21,1194.58
topk,13,1194.58
topk,28,1194.58
topk,8,1194.58
topk,5,1194.58
topk,29,1194.58
topk,5,1194.58
topk,12,1194.58
topk,10,1194.58
topk,6,1194.58
topk,21,1194.58
topk,49,1194.58
topk,21,1194.58
topk,9,1194.58
topk,16,1194.58
topk,14,1194.58
topk,31,1194.58
topk,41,1194.58
topk,32,1194.58
topk,15,1194.58
topk,35,1194.58
topk,16,1194.58
topk,18,1194.58
topk,25,1194.58
topk,9,1194.58
topk,24,1194.58
topk,28,1194.58
topk,19,1194.58
topk,25,1194.58
topk,20,1194.58
topk,12,1194.58
topk,51,1194.58
topk,6,1194.58
topk,3,1194.58
topk,20,1194.58
topk,34,1194.58
topk,8,1194.58
topk,18,1194.58
topk,27,1194.58
topk,19,1194.58
topk,22,1194.58
topk,25,1194.58
topk,36,1194.58
topk,15,1194.58
topk,2,1194.58
topk,22,1194.58
topk,7,1194.58
topk,17,1194.58
topk,12,1194.58
topk,9,1194.58
topk,2,1194.58
topk,14,1194.58
topk,9,1194.58
topk,1,1194.58
topk,21,1194.58
topk,45,1194.58
topk,8,1194.58
topk,29,1194.58
topk,20,1194.58
topk,23,1194.58
topk,23,1194.58
topk,43,1194.58
topk,27,1194.58
topk,16,1194.58
topk,6,1194.58
topk,33,1194.58
topk,46,1194.58
topk,21,1194.58
topk,35,1194.58
topk,9,1194.58
topk,8,1194.58
topk,11,1194.58
topk,40,1194.58
topk,12,1194.58
topk,12,1194.58
topk,8,1194.58
topk,13,1194.58
topk,21,1194.58
topk,17,1194.58
topk,30,1194.58
topk,47,1194.58
topk,8,1194.58
topk,65,1194.58
topk,36,1194.58
topk,22,1194.58
topk,10,1194.58
topk,16,1194.58
topk,11,1194.58
topk,9,1194.58
topk,37,1194.58
topk,7,1194.58
topk,16,1194.58
topk,9,1194.58
topk,10,1194.58
topk,20,1194.58
topk,54,1194.58
topk,7,1194.58
topk,46,1194.58
topk,14,1194.58
topk,15,1194.58
topk,36,1194.58
topk,25,1194.58
topk,18,1194.58
topk,23,1194.58
topk,42,1194.58
topk,25,1194.58
topk,7,1194.58
topk,16,1194.58
topk,13,1194.58
topk,20,1194.58
topk,2,1194.58
topk,15,1194.58
topk,51,1194.58
topk,29,1194.58
topk,19,1194.58
topk,59,1194.58
topk,75,1194.58
topk,46,1194.58
topk,18,1194.58
topk,46,1194.58
topk,5,1194.58
topk,26,1194.58
topk,26,1194.58
topk,11,1194.58
topk,14,1194.58
topk,11,1194.58
topk,24,1194.58
topk,55,1194.58
topk,6,1194.58
topk,25,1194.58
topk,10,1194.58
topk,14,1194.58
topk,13,1194.58
topk,23,1194.58
topk,13,1194.58
topk,24,1194.58
topk,38,1194.58
topk,51,1194.58
topk,23,1194.58
topk,33,1194.58
topk,18,1194.58
topk,26,1194.58
topk,36,1194.58
topk,60,1194.58
topk,18,1194.58
topk,81,1194.58
topk,16,1194.58
topk,19,1194.58
topk,13,1194.58
topk,11,1194.58
topk,37,1194.58
topk,6,1194.58
topk,16,1194.58
topk,32,1194.58
topk,59,1194.58
topk,62,1194.58
topk,5,1194.58
topk,79,1194.58
topk,32,1194.58
topk,78,1194.58
topk,15,1194.58
topk,18,1194.58
topk,55,1194.58
topk,10,1194.58
topk,25,1194.58
topk,34,1194.58
topk,21,1194.58
topk,10,1194.58
topk,13,1194.58
topk,18,1194.58
topk,9,1194.58
topk,34,1194.58
topk,23,1194.58
topk,27,1194.58
topk,44,1194.58
topk,41,1194.58
topk,54,1194.58
topk,25,1194.58
topk,65,1194.58
topk,29,1194.58
topk,26,1194.58
topk,7,1194.58
topk,26,1194.58
topk,13,1194.58
topk,59,1194.58
topk,9,1194.58
topk,13,1194.58
topk,20,1194.58
topk,27,1194.58
topk,24,1194.58
topk,15,1194.58
topk,21,1194.58
topk,48,1194.58
topk,49,1194.58
topk,5,1194.58
topk,45,1194.58
topk,55,1194.58
topk,16,1194.58
topk,6,1194.58
topk,17,1194.58
topk,13,1194.58
topk,7,1194.58
topk,8,1194.58
topk,9,1194.58
topk,6,1194.58
topk,2,1194.58
topk,18,1194.58
topk,16,1194.58
topk,5,1194.58
topk,14,1194.58
topk,4,1194.58
topk,9,1194.58
topk,1,1194.58
topk,7,1194.58
topk,22,1194.58
topk,4,1194.58
topk,6,1194.58
topk,3,1194.58
topk,6,1194.58
topk,11,1194.58
topk,5,1194.58
topk,10,1194.58
topk,1,1194.58
topk,17,1194.58
topk,14,1194.58
topk,60,1194.58
topk,39,1194.58
topk,10,1194.58
topk,4,1194.58
topk,21,1194.58
topk,20,1194.58
topk,25,1194.58
topk,38,1194.58
topk,17,1194.58
topk,13,1194.58
topk,43,1194.58
topk,8,1194.58
topk,15,1194.58
topk,43,1194.58
topk,10,1194.58
topk,7,1194.58
topk,19,1194.58
topk,3,1194.58
topk,9,1194.58
topk,9,1194.58
topk,11,1194.58
topk,1,1194.58
topk,1,1194.58
topk,7,1194.58
topk,20,1194.58
topk,14,1194.58
topk,1,1194.58
topk,8,1194.58
topk,15,1194.58
topk,27,1194.58
topk,13,1194.58
topk,11,1194.58
topk,41,1194.58
topk,5,1194.58
topk,7,1194.58
topk,19,1194.58
topk,13,1194.58
topk,18,1194.58
topk,21,1194.58
topk,56,1194.58
topk,27,1194.58
topk,34,1194.58
topk,21,1194.58
topk,20,1194.58
topk,18,1194.58
topk,2,1194.58
topk,47,1194.58
topk,51,1194.58
topk,3,1194.58
topk,18,1194.58
topk,7,1194.58
topk,10,1194.58
topk,11,1194.58
topk,8,1194.58
topk,9,1194.58
topk,13,1194.58
topk,27,1194.58
topk,47,1194.58
topk,18,1194.58
topk,38,1194.58
topk,20,1194.58
topk,13,1194.58
topk,46,1194.58
topk,26,1194.58
topk,77,1194.58
topk,11,1194.58
topk,49,1194.58
topk,26,1194.58
topk,14,1194.58
topk,42,1194.58
topk,15,1194.58
topk,17,1194.58
topk,50,1194.58
topk,63,1194.58
topk,38,1194.58
topk,40,1194.58
topk,6,1194.58
topk,26,1194.58
topk,32,1194.58
topk,13,1194.58
topk,2,1194.58
topk,16,1194.58
topk,9,1194.58
topk,9,1194.58
topk,11,1194.58
topk,9,1194.58
topk,44,1194.58
topk,21,1194.58
topk,6,1194.58
topk,10,1194.58
topk,21,1194.58
topk,34,1194.58
topk,40,1194.58
topk,9,1194.58
topk,3,1194.58
topk,26,1194.58
topk,95,1194.58
topk,27,1194.58
topk,59,1194.58
topk,15,1194.58
topk,44,1194.58
topk,39,1194.58
topk,6,1194.58
topk,28,1194.58
topk,65,1194.58
topk,29,1194.58
topk,17,1194.58
topk,40,1194.58
topk,4,1194.58
topk,5,1194.58
topk,37,1194.58
topk,3,1194.58
topk,54,1194.58
topk,7,1194.58
topk,12,1194.58
topk,49,1194.58
topk,49,1194.58
topk,114,1194.58
topk,16,1194.58
topk,27,1194.58
topk,10,1194.58
topk,30,1194.58
topk,23,1194.58
topk,26,1194.58
topk,21,1194.58
topk,38,1194.58
topk,5,1194.58
topk,24,1194.58
topk,11,1194.58
topk,10,1194.58
topk,1,1194.58
topk,5,1194.58
topk,2,1194.58
topk,5,1194.58
topk,3,1194.58
topk,13,1194.58
topk,3,1194.58
topk,5,1194.58
topk,24,1194.58
topk,12,1194.58
topk,12,1194.58
topk,18,1194.58
topk,12,1194.58
topk,12,1194.58
topk,31,1194.58
topk,18,1194.58
topk,22,1194.58
topk,20,1194.58
topk,12,1194.58
topk,25,1194.58
topk,25,1194.58
topk,14,1194.58
topk,17,1194.58
topk,28,1194.58
topk,28,1194.58
topk,22,1194.58
topk,17,1194.58
topk,14,1194.58
topk,9,1194.58
topk,23,1194.58
topk,5,1194.58
topk,10,1194.58
topk,14,1194.58
topk,23,1194.58
topk,35,1194.58
topk,11,1194.58
topk,6,1194.58
topk,19,1194.58
topk,22,1194.58
topk,2,1194.58
topk,13,1194.58
topk,7,1194.58
topk,5,1194.58
topk,13,1194.58
topk,12,1194.58
topk,6,1194.58
topk,24,1194.58
topk,16,1194.58
topk,9,1194.58
topk,4,1194.58
topk,2,1194.58
topk,14,1194.58
topk,7,1194.58
topk,16,1194.58
topk,26,1194.58
topk,25,1194.58
topk,36,1194.58
topk,26,1194.58
topk,36,1194.58
topp,35,1260.21
topp,4,1260.21
topp,15,1260.21
topp,17,1260.21
topp,4,1260.21
topp,4,1260.21
topp,4,1260.21
topp,1,1260.21
topp,12,1260.21
topp,14,1260.21
topp,7,1260.21
topp,10,1260.21
topp,1,1260.21
topp,2,1260.21
topp,11,1260.21
topp,22,1260.21
topp,12,1260.21
topp,18,1260.21
topp,18,1260.21
topp,25,1260.21
topp,6,1260.21
topp,20,1260.21
topp,17,1260.21
topp,9,1260.21
topp,33,1260.21
topp,16,1260.21
topp,26,1260.21
topp,31,1260.21
topp,31,1260.21
topp,30,1260.21
topp,21,1260.21
topp,39,1260.21
topp,24,1260.21
topp,4,1260.21
topp,3,1260.21
topp,11,1260.21
topp,14,1260.21
topp,29,1260.21
topp,14,1260.21
topp,23,1260.21
topp,17,1260.21
topp,51,1260.21
topp,12,1260.21
topp,12,1260.21
topp,10,1260.21
topp,44,1260.21
topp,22,1260.21
topp,46,1260.21
topp,4,1260.21
topp,14,1260.21
topp,12,1260.21
topp,21,1260.21
topp,18,1260.21
topp,18,1260.21
topp,27,1260.21
topp,27,1260.21
topp,7,1260.21
topp,9,1260.21
topp,6,1260.21
topp,17,1260.21
topp,15,1260.21
topp,36,1260.21
topp,19,1260.21
topp,39,1260.21
topp,16,1260.21
topp,10,1260.21
topp,27,1260.21
topp,13,1260.21
topp,67,1260.21
topp,24,1260.21
topp,24,1260.21
topp,9,1260.21
topp,16,1260.21
topp,13,1260.21
topp,18,1260.21
topp,16,1260.21
topp,10,1260.21
topp,5,1260.21
topp,7,1260.21
topp,9,1260.21
topp,18,1260.21
topp,27,1260.21
topp,38,1260.21
topp,28,1260.21
topp,9,1260.21
topp,25,1260.21
topp,28,1260.21
topp,26,1260.21
topp,10,1260.21
topp,14,1260.21
topp,38,1260.21
topp,2,1260.21
topp,4,1260.21
topp,51,1260.21
topp,39,1260.21
topp,33,1260.21
topp,25,1260.21
topp,27,1260.21
topp,24,1260.21
topp,42,1260.21
topp,32,1260.21
topp,17,1260.21
topp,35,1260.21
topp,17,1260.21
topp,46,1260.21
topp,17,1260.21
topp,29,1260.21
topp,28,1260.21
topp,21,1260.21
topp,19,1260.21
topp,5,1260.21
topp,3,1260.21
topp,60,1260.21
topp,17,1260.21
topp,17,1260.21
topp,10,1260.21
topp,33,1260.21
topp,23,1260.21
topp,29,1260.21
topp,24,1260.21
topp,13,1260.21
topp,13,1260.21
topp,34,1260.21
topp,20,1260.21
topp,13,1260.21
topp,13,1260.21
topp,12,1260.21
topp,41,1260.21
topp,12,1260.21
topp,19,1260.21
topp,48,1260.21
topp,11,1260.21
topp,33,1260.21
topp,27,1260.21
topp,16,1260.21
topp,14,1260.21
topp,16,1260.21
topp,10,1260.21
topp,50,1260.21
topp,6,1260.21
topp,7,1260.21
topp,2,1260.21
topp,27,1260.21
topp,21,1260.21
topp,23,1260.21
topp,11,1260.21
topp,53,1260.21
topp,15,1260.21
topp,15,1260.21
topp,3,1260.21
topp,15,1260.21
topp,11,1260.21
topp,54,1260.21
topp,33,1260.21
topp,39,1260.21
topp,30,1260.21
topp,21,1260.21
topp,8,1260.21
topp,20,1260.21
topp,6,1260.21
topp,19,1260.21
topp,20,1260.21
topp,16,1260.21
topp,15,1260.21
topp,2,1260.21
topp,14,1260.21
topp,33,1260.21
topp,8,1260.21
topp,14,1260.21
topp,5,1260.21
topp,33,1260.21
topp,13,1260.21
topp,22,1260.21
topp,18,1260.21
topp,14,1260.21
topp,4,1260.21
topp,8,1260.21
topp,2,1260.21
topp,31,1260.21
topp,4,1260.21
topp,1,1260.21
topp,4,1260.21
topp,1,1260.21
topp,14,1260.21
topp,4,1260.21
topp,8,1260.21
topp,7,1260.21
topp,16,1260.21
topp,5,1260.21
topp,5,1260.21
topp,11,1260.21
topp,7,1260.21
topp,8,1260.21
topp,17,1260.21
topp,11,1260.21
topp,3,1260.21
topp,34,1260.21
topp,19,1260.21
topp,44,1260.21
topp,25,1260.21
topp,32,1260.21
topp,6,1260.21
topp,8,1260.21
topp,27,1260.21
topp,9,1260.21
topp,14,1260.21
topp,9,1260.21
topp,7,1260.21
topp,30,1260.21
topp,27,1260.21
topp,25,1260.21
topp,18,1260.21
topp,50,1260.21
topp,18,1260.21
topp,35,1260.21
topp,15,1260.21
topp,15,1260.21
topp,24,1260.21
topp,42,1260.21
topp,12,1260.21
topp,23,1260.21
topp,11,1260.21
topp,1,1260.21
topp,5,1260.21
topp,6,1260.21
topp,27,1260.21
topp,7,1260.21
topp,39,1260.21
topp,19,1260.21
topp,15,1260.21
topp,38,1260.21
topp,15,1260.21
topp,11,1260.21
topp,12,1260.21
topp,5,1260.21
topp,7,1260.21
topp,10,1260.21
topp,47,1260.21
topp,8,1260.21
topp,29,1260.21
topp,18,1260.21
topp,31,1260.21
topp,25,1260.21
topp,17,1260.21
topp,24,1260.21
topp,26,1260.21
topp,17,1260.21
topp,22,1260.21
topp,41,1260.21
topp,12,1260.21
topp,34,1260.21
topp,28,1260.21
topp,2,1260.21
topp,14,1260.21
topp,13,1260.21
topp,5,1260.21
topp,14,1260.21
topp,20,1260.21
topp,11,1260.21
topp,7,1260.21
topp,23,1260.21
topp,22,1260.21
topp,20,1260.21
topp,9,1260.21
topp,26,1260.21
topp,9,1260.21
topp,10,1260.21
topp,15,1260.21
topp,7,1260.21
topp,42,1260.21
topp,17,1260.21
topp,36,1260.21
topp,9,1260.21
topp,30,1260.21
topp,27,1260.21
topp,34,1260.21
topp,16,1260.21
topp,10,1260.21
topp,7,1260.21
topp,73,1260.21
topp,14,1260.21
topp,30,1260.21
topp,4,1260.21
topp,12,1260.21
topp,13,1260.21
topp,30,1260.21
topp,13,1260.21
topp,23,1260.21
topp,47,1260.21
topp,15,1260.21
topp,32,1260.21
topp,33,1260.21
topp,26,1260.21
topp,3,1260.21
topp,12,1260.21
topp,60,1260.21
topp,35,1260.21
topp,31,1260.21
topp,11,1260.21
topp,32,1260.21
topp,11,1260.21
topp,62,1260.21
topp,13,1260.21
topp,26,1260.21
topp,21,1260.21
topp,26,1260.21
topp,42,1260.21
topp,52,1260.21
topp,16,1260.21
topp,30,1260.21
topp,27,1260.21
topp,10,1260.21
topp,12,1260.21
topp,27,1260.21
topp,37,1260.21
topp,9,1260.21
topp,11,1260.21
topp,12,1260.21
topp,9,1260.21
topp,17,1260.21
topp,4,1260.21
topp,19,1260.21
topp,14,1260.21
topp,28,1260.21
topp,22,1260.21
topp,15,1260.21
topp,7,1260.21
topp,25,1260.21
topp,11,1260.21
topp,8,1260.21
topp,3,1260.21
topp,17,1260.21
topp,12,1260.21
topp,8,1260.21
topp,22,1260.21
topp,17,1260.21
topp,29,1260.21
topp,28,1260.21
topp,15,1260.21
topp,15,1260.21
topp,12,1260.21
topp,11,1260.21
topp,49,1260.21
topp,40,1260.21
topp,49,1260.21
topp,15,1260.21
topp,41,1260.21
topp,4,1260.21
topp,19,1260.21
topp,7,1260.21
topp,11,1260.21
topp,45,1260.21
topp,39,1260.21
topp,21,1260.21
topp,2,1260.21
topp,23,1260.21
topp,8,1260.21
topp,12,1260.21
topp,4,1260.21
topp,8,1260.21
topp,17,1260.21
topp,10,1260.21
topp,24,1260.21
topp,7,1260.21
topp,9,1260.21
topp,11,1260.21
topp,10,1260.21
topp,4,1260.21
topp,12,1260.21
topp,6,1260.21
topp,13,1260.21
topp,8,1260.21
topp,7,1260.21
topp,8,1260.21
topp,4,1260.21
topp,15,1260.21
topp,2,1260.21
topp,9,1260.21
topp,2,1260.21
topp,19,1260.21
topp,28,1260.21
topp,14,1260.21
topp,13,1260.21
topp,11,1260.21
topp,15,1260.21
topp,13,1260.21
topp,7,1260.21
topp,11,1260.21
topp,9,1260.21
topp,29,1260.21
topp,34,1260.21
topp,23,1260.21
topp,16,1260.21
topp,11,1260.21
topp,8,1260.21
topp,3,1260.21
topp,15,1260.21
topp,16,1260.21
topp,13,1260.21
topp,8,1260.21
topp,2,1260.21
topp,9,1260.21
topp,15,1260.21
topp,10,1260.21
topp,13,1260.21
topp,10,1260.21
topp,5,1260.21
topp,24,1260.21
topp,16,1260.21
topp,9,1260.21
topp,12,1260.21
topp,6,1260.21
topp,8,1260.21
topp,6,1260.21
topp,12,1260.21
topp,12,1260.21
topp,10,1260.21
topp,6,1260.21
topp,7,1260.21
topp,3,1260.21
topp,6,1260.21
topp,3,1260.21
topp,12,1260.21
topp,35,1260.21
topp,20,1260.21
topp,13,1260.21
topp,15,1260.21
topp,11,1260.21
topp,13,1260.21
topp,12,1260.21
topp,11,1260.21
topp,5,1260.21
topp,9,1260.21
topp,12,1260.21
topp,14,1260.21
topp,9,1260.21
topp,3,1260.21
topp,8,1260.21
topp,4,1260.21
topp,7,1260.21
topp,47,1260.21
topp,29,1260.21
topp,8,1260.21
topp,13,1260.21
topp,4,1260.21
topp,28,1260.21
topp,4,1260.21
topp,13,1260.21
topp,13,1260.21
topp,4,1260.21
topp,28,1260.21
topp,24,1260.21
topp,9,1260.21
topp,31,1260.21
topp,14,1260.21
topp,2,1260.21
topp,11,1260.21
topp,16,1260.21
topp,9,1260.21
topp,24,1260.21
topp,12,1260.21
topp,2,1260.21
topp,16,1260.21
topp,17,1260.21
topp,13,1260.21
topp,49,1260.21
topp,46,1260.21
topp,12,1260.21
topp,24,1260.21
topp,12,1260.21
topp,10,1260.21
topp,8,1260.21
topp,21,1260.21
topp,7,1260.21
topp,7,1260.21
topp,34,1260.21
topp,30,1260.21
topp,28,1260.21
topp,3,1260.21
topp,26,1260.21
topp,53,1260.21
topp,40,1260.21
topp,4,1260.21
topp,24,1260.21
topp,7,1260.21
topp,22,1260.21
topp,46,1260.21
topp,6,1260.21
topp,8,1260.21
topp,12,1260.21
topp,19,1260.21
topp,36,1260.21
topp,21,1260.21
topp,10,1260.21
topp,19,1260.21
topp,15,1260.21
topp,14,1260.21
topp,29,1260.21
topp,10,1260.21
topp,18,1260.21
topp,69,1260.21
topp,16,1260.21
topp,3,1260.21
topp,31,1260.21
topp,31,1260.21
topp,7,1260.21
topp,4,1260.21
topp,14,1260.21
topp,8,1260.21
topp,29,1260.21
topp,9,1260.21
topp,37,1260.21
topp,8,1260.21
topp,12,1260.21
topp,18,1260.21
topp,24,1260.21
topp,6,1260.21
topp,2,1260.21
topp,7,1260.21
topp,7,1260.21
topp,5,1260.21
topp,7,1260.21
topp,11,1260.21
topp,20,1260.21
topp,4,1260.21
topp,8,1260.21
topp,8,1260.21
topp,9,1260.21
topp,23,1260.21
topp,14,1260.21
topp,5,1260.21
topp,4,1260.21
topp,26,1260.21
topp,11,1260.21
topp,11,1260.21
topp,11,1260.21
topp,13,1260.21
topp,6,1260.21
topp,1,1260.21
topp,19,1260.21
topp,6,1260.21
topp,17,1260.21
topp,11,1260.21
topp,8,1260.21
topp,9,1260.21
topp,1,1260.21
topp,4,1260.21
topp,7,1260.21
topp,4,1260.21
topp,9,1260.21
topp,7,1260.21
topp,5,1260.21
topp,5,1260.21
topp,29,1260.21
topp,8,1260.21
topp,25,1260.21
topp,26,1260.21
topp,10,1260.21
topp,11,1260.21
topp,15,1260.21
topp,8,1260.21
topp,10,1260.21
topp,48,1260.21
topp,29,1260.21
topp,31,1260.21
topp,8,1260.21
topp,8,1260.21
topp,24,1260.21
topp,6,1260.21
topp,35,1260.21
topp,23,1260.21
topp,43,1260.21
topp,60,1260.21
topp,4,1260.21
topp,16,1260.21
topp,36,1260.21
topp,71,1260.21
topp,43,1260.21
topp,13,1260.21
topp,18,1260.21
topp,16,1260.21
topp,15,1260.21
topp,50,1260.21
topp,18,1260.21
topp,14,1260.21
topp,9,1260.21
topp,21,1260.21
topp,13,1260.21
topp,28,1260.21
topp,8,1260.21
topp,5,1260.21
topp,29,1260.21
topp,5,1260.21
topp,12,1260.21
topp,10,1260.21
topp,6,1260.21
topp,21,1260.21
topp,49,1260.21
topp,21,1260.21
topp,9,1260.21
topp,16,1260.21
topp,14,1260.21
topp,31,1260.21
topp,41,1260.21
topp,32,1260.21
topp,15,1260.21
topp,35,1260.21
topp,16,1260.21
topp,18,1260.21
topp,25,1260.21
topp,9,1260.21
topp,24,1260.21
topp,28,1260.21
topp,19,1260.21
topp,25,1260.21
topp,20,1260.21
topp,12,1260.21
topp,51,1260.21
topp,6,1260.21
topp,3,1260.21
topp,20,1260.21
topp,34,1260.21
topp,8,1260.21
topp,18,1260.21
topp,27,1260.21
topp,19,1260.21
topp,22,1260.21
topp,25,1260.21
topp,36,1260.21
topp,15,1260.21
topp,2,1260.21
topp,22,1260.21
topp,7,1260.21
topp,17,1260.21
topp,12,1260.21
topp,9,1260.21
topp,2,1260.21
topp,14,1260.21
topp,9,1260.21
topp,1,1260.21
topp,21,1260.21
topp,45,1260.21
topp,8,1260.21
topp,29,1260.21
topp,20,1260.21
topp,23,1260.21
topp,23,1260.21
topp,43,1260.21
topp,27,1260.21
topp,16,1260.21
topp,6,1260.21
topp,33,1260.21
topp,46,1260.21
topp,21,1260.21
topp,35,1260.21
topp,9,1260.21
topp,8,1260.21
topp,11,1260.21
topp,40,1260.21
topp,12,1260.21
topp,12,1260.21
topp,8,1260.21
topp,13,1260.21
topp,21,1260.21
topp,17,1260.21
topp,30,1260.21
topp,47,1260.21
topp,8,1260.21
topp,65,1260.21
topp,36,1260.21
topp,22,1260.21
topp,10,1260.21
topp,16,1260.21
topp,11,1260.21
topp,9,1260.21
topp,37,1260.21
topp,7,1260.21
topp,16,1260.21
topp,9,1260.21
topp,10,1260.21
topp,20,1260.21
topp,54,1260.21
topp,7,1260.21
topp,46,1260.21
topp,14,1260.21
topp,15,1260.21
topp,36,1260.21
topp,25,1260.21
topp,18,1260.21
topp,23,1260.21
topp,42,1260.21
topp,25,1260.21
topp,7,1260.21
topp,16,1260.21
topp,13,1260.21
topp,20,1260.21
topp,2,1260.21
topp,15,1260.21
topp,51,1260.21
topp,29,1260.21
topp,19,1260.21
topp,59,1260.21
topp,75,1260.21
topp,46,1260.21
topp,18,1260.21
topp,46,1260.21
topp,5,1260.21
topp,26,1260.21
topp,26,1260.21
topp,11,1260.21
topp,14,1260.21
topp,11,1260.21
topp,24,1260.21
topp,55,1260.21
topp,6,1260.21
topp,25,1260.21
topp,10,1260.21
topp,14,1260.21
topp,13,1260.21
topp,23,1260.21
topp,13,1260.21
topp,24,1260.21
topp,38,1260.21
topp,51,1260.21
topp,23,1260.21
topp,33,1260.21
topp,18,1260.21
topp,26,1260.21
topp,36,1260.21
topp,60,1260.21
topp,18,1260.21
topp,81,1260.21
topp,16,1260.21
topp,19,1260.21
topp,13,1260.21
topp,11,1260.21
topp,37,1260.21
topp,6,1260.21
topp,16,1260.21
topp,32,1260.21
topp,59,1260.21
topp,62,1260.21
topp,5,1260.21
topp,79,1260.21
topp,32,1260.21
topp,78,1260.21
topp,15,1260.21
topp,18,1260.21
topp,55,1260.21
topp,10,1260.21
topp,25,1260.21
topp,34,1260.21
topp,21,1260.21
topp,10,1260.21
topp,13,1260.21
topp,18,1260.21
topp,9,1260.21
topp,34,1260.21
topp,23,1260.21
topp,27,1260.21
topp,44,1260.21
topp,41,1260.21
topp,54,1260.21
topp,25,1260.21
topp,65,1260.21
topp,29,1260.21
topp,26,1260.21
topp,7,1260.21
topp,26,1260.21
topp,13,1260.21
topp,59,1260.21
topp,9,1260.21
topp,13,1260.21
topp,20,1260.21
topp,27,1260.21
topp,24,1260.21
topp,15,1260.21
topp,21,1260.21
topp,48,1260.21
topp,49,1260.21
topp,5,1260.21
topp,45,1260.21
topp,55,1260.21
topp,16,1260.21
topp,6,1260.21
topp,17,1260.21
topp,13,1260.21
topp,7,1260.21
topp,8,1260.21
topp,9,1260.21
topp,6,1260.21
topp,2,1260.21
topp,18,1260.21
topp,16,1260.21
topp,5,1260.21
topp,14,1260.21
topp,4,1260.21
topp,9,1260.21
topp,1,1260.21
topp,7,1260.21
topp,22,1260.21
topp,4,1260.21
topp,6,1260.21
topp,3,1260.21
topp,6,1260.21
topp,11,1260.21
topp,5,1260.21
topp,10,1260.21
topp,1,1260.21
topp,17,1260.21
topp,14,1260.21
topp,60,1260.21
topp,39,1260.21
topp,10,1260.21
topp,4,1260.21
topp,21,1260.21
topp,20,1260.21
topp,25,1260.21
topp,38,1260.21
topp,17,1260.21
topp,13,1260.21
topp,43,1260.21
topp,8,1260.21
topp,15,1260.21
topp,43,1260.21
topp,10,1260.21
topp,7,1260.21
topp,19,1260.21
topp,3,1260.21
topp,9,1260.21
topp,9,1260.21
topp,11,1260.21
topp,1,1260.21
topp,1,1260.21
topp,7,1260.21
topp,20,1260.21
topp,14,1260.21
topp,1,1260.21
topp,8,1260.21
topp,15,1260.21
topp,27,1260.21
topp,13,1260.21
topp,11,1260.21
topp,41,1260.21
topp,5,1260.21
topp,7,1260.21
topp,19,1260.21
topp,13,1260.21
topp,18,1260.21
topp,21,1260.21
topp,56,1260.21
topp,27,1260.21
topp,34,1260.21
topp,21,1260.21
topp,20,1260.21
topp,18,1260.21
topp,2,1260.21
topp,47,1260.21
topp,51,1260.21
topp,3,1260.21
topp,18,1260.21
topp,7,1260.21
topp,10,1260.21
topp,11,1260.21
topp,8,1260.21
topp,9,1260.21
topp,13,1260.21
topp,27,1260.21
topp,47,1260.21
topp,18,1260.21
topp,38,1260.21
topp,20,1260.21
topp,13,1260.21
topp,46,1260.21
topp,26,1260.21
topp,77,1260.21
topp,11,1260.21
topp,49,1260.21
topp,26,1260.21
topp,14,1260.21
topp,42,1260.21
topp,15,1260.21
topp,17,1260.21
topp,50,1260.21
topp,63,1260.21
topp,38,1260.21
topp,40,1260.21
topp,6,1260.21
topp,26,1260.21
topp,32,1260.21
topp,13,1260.21
topp,2,1260.21
topp,16,1260.21
topp,9,1260.21
topp,9,1260.21
topp,11,1260.21
topp,9,1260.21
topp,44,1260.21
topp,21,1260.21
topp,6,1260.21
topp,10,1260.21
topp,21,1260.21
topp,34,1260.21
topp,40,1260.21
topp,9,1260.21
topp,3,1260.21
topp,26,1260.21
topp,95,1260.21
topp,27,1260.21
topp,59,1260.21
topp,15,1260.21
topp,44,1260.21
topp,39,1260.21
topp,6,1260.21
topp,28,1260.21
topp,65,1260.21
topp,29,1260.21
topp,17,1260.21
topp,40,1260.21
topp,4,1260.21
topp,5,1260.21
topp,37,1260.21
topp,3,1260.21
topp,54,1260.21
topp,7,1260.21
topp,12,1260.21
topp,49,1260.21
topp,49,1260.21
topp,114,1260.21
topp,16,1260.21
topp,27,1260.21
topp,10,1260.21
topp,30,1260.21
topp,23,1260.21
topp,26,1260.21
topp,21,1260.21
topp,38,1260.21
topp,5,1260.21
topp,24,1260.21
topp,11,1260.21
topp,10,1260.21
topp,1,1260.21
topp,5,1260.21
topp,2,1260.21
topp,5,1260.21
topp,3,1260.21
topp,13,1260.21
topp,3,1260.21
topp,5,1260.21
topp,24,1260.21
topp,12,1260.21
topp,12,1260.21
topp,18,1260.21
topp,12,1260.21
topp,12,1260.21
topp,31,1260.21
topp,18,1260.21
topp,22,1260.21
topp,20,1260.21
topp,12,1260.21
topp,25,1260.21
topp,25,1260.21
topp,14,1260.21
topp,17,1260.21
topp,28,1260.21
topp,28,1260.21
topp,22,1260.21
topp,17,1260.21
topp,14,1260.21
topp,9,1260.21
topp,23,1260.21
topp,5,1260.21
topp,10,1260.21
topp,14,1260.21
topp,23,1260.21
topp,35,1260.21
topp,11,1260.21
topp,6,1260.21
topp,19,1260.21
topp,22,1260.21
topp,2,1260.21
topp,13,1260.21
topp,7,1260.21
topp,5,1260.21
topp,13,1260.21
topp,12,1260.21
topp,6,1260.21
topp,24,1260.21
topp,16,1260.21
topp,9,1260.21
topp,4,1260.21
topp,2,1260.21
topp,14,1260.21
topp,7,1260.21
topp,16,1260.21
topp,26,1260.21
topp,25,1260.21
topp,36,1260.21
topp,26,1260.21
topp,36,1260.21
diverse_beam,35,1260.21
diverse_beam,4,1260.21
diverse_beam,15,1260.21
diverse_beam,17,1260.21
diverse_beam,4,1260.21
diverse_beam,4,1260.21
diverse_beam,4,1260.21
diverse_beam,1,1260.21
diverse_beam,12,1260.21
diverse_beam,14,1260.21
diverse_beam,7,1260.21
diverse_beam,10,1260.21
diverse_beam,1,1260.21
diverse_beam,2,1260.21
diverse_beam,11,1260.21
diverse_beam,22,1260.21
diverse_beam,12,1260.21
diverse_beam,18,1260.21
diverse_beam,18,1260.21
diverse_beam,25,1260.21
diverse_beam,6,1260.21
diverse_beam,20,1260.21
diverse_beam,17,1260.21
diverse_beam,9,1260.21
diverse_beam,33,1260.21
diverse_beam,16,1260.21
diverse_beam,26,1260.21
diverse_beam,31,1260.21
diverse_beam,31,1260.21
diverse_beam,30,1260.21
diverse_beam,21,1260.21
diverse_beam,39,1260.21
diverse_beam,24,1260.21
diverse_beam,4,1260.21
diverse_beam,3,1260.21
diverse_beam,11,1260.21
diverse_beam,14,1260.21
diverse_beam,29,1260.21
diverse_beam,14,1260.21
diverse_beam,23,1260.21
diverse_beam,17,1260.21
diverse_beam,51,1260.21
diverse_beam,12,1260.21
diverse_beam,12,1260.21
diverse_beam,10,1260.21
diverse_beam,44,1260.21
diverse_beam,22,1260.21
diverse_beam,46,1260.21
diverse_beam,4,1260.21
diverse_beam,14,1260.21
diverse_beam,12,1260.21
diverse_beam,21,1260.21
diverse_beam,18,1260.21
diverse_beam,18,1260.21
diverse_beam,27,1260.21
diverse_beam,27,1260.21
diverse_beam,7,1260.21
diverse_beam,9,1260.21
diverse_beam,6,1260.21
diverse_beam,17,1260.21
diverse_beam,15,1260.21
diverse_beam,36,1260.21
diverse_beam,19,1260.21
diverse_beam,39,1260.21
diverse_beam,16,1260.21
diverse_beam,10,1260.21
diverse_beam,27,1260.21
diverse_beam,13,1260.21
diverse_beam,67,1260.21
diverse_beam,24,1260.21
diverse_beam,24,1260.21
diverse_beam,9,1260.21
diverse_beam,16,1260.21
diverse_beam,13,1260.21
diverse_beam,18,1260.21
diverse_beam,16,1260.21
diverse_beam,10,1260.21
diverse_beam,5,1260.21
diverse_beam,7,1260.21
diverse_beam,9,1260.21
diverse_beam,18,1260.21
diverse_beam,27,1260.21
diverse_beam,38,1260.21
diverse_beam,28,1260.21
diverse_beam,9,1260.21
diverse_beam,25,1260.21
diverse_beam,28,1260.21
diverse_beam,26,1260.21
diverse_beam,10,1260.21
diverse_beam,14,1260.21
diverse_beam,38,1260.21
diverse_beam,2,1260.21
diverse_beam,4,1260.21
diverse_beam,51,1260.21
diverse_beam,39,1260.21
diverse_beam,33,1260.21
diverse_beam,25,1260.21
diverse_beam,27,1260.21
diverse_beam,24,1260.21
diverse_beam,42,1260.21
diverse_beam,32,1260.21
diverse_beam,17,1260.21
diverse_beam,35,1260.21
diverse_beam,17,1260.21
diverse_beam,46,1260.21
diverse_beam,17,1260.21
diverse_beam,29,1260.21
diverse_beam,28,1260.21
diverse_beam,21,1260.21
diverse_beam,19,1260.21
diverse_beam,5,1260.21
diverse_beam,3,1260.21
diverse_beam,60,1260.21
diverse_beam,17,1260.21
diverse_beam,17,1260.21
diverse_beam,10,1260.21
diverse_beam,33,1260.21
diverse_beam,23,1260.21
diverse_beam,29,1260.21
diverse_beam,24,1260.21
diverse_beam,13,1260.21
diverse_beam,13,1260.21
diverse_beam,34,1260.21
diverse_beam,20,1260.21
diverse_beam,13,1260.21
diverse_beam,13,1260.21
diverse_beam,12,1260.21
diverse_beam,41,1260.21
diverse_beam,12,1260.21
diverse_beam,19,1260.21
diverse_beam,48,1260.21
diverse_beam,11,1260.21
diverse_beam,33,1260.21
diverse_beam,27,1260.21
diverse_beam,16,1260.21
diverse_beam,14,1260.21
diverse_beam,16,1260.21
diverse_beam,10,1260.21
diverse_beam,50,1260.21
diverse_beam,6,1260.21
diverse_beam,7,1260.21
diverse_beam,2,1260.21
diverse_beam,27,1260.21
diverse_beam,21,1260.21
diverse_beam,23,1260.21
diverse_beam,11,1260.21
diverse_beam,53,1260.21
diverse_beam,15,1260.21
diverse_beam,15,1260.21
diverse_beam,3,1260.21
diverse_beam,15,1260.21
diverse_beam,11,1260.21
diverse_beam,54,1260.21
diverse_beam,33,1260.21
diverse_beam,39,1260.21
diverse_beam,30,1260.21
diverse_beam,21,1260.21
diverse_beam,8,1260.21
diverse_beam,20,1260.21
diverse_beam,6,1260.21
diverse_beam,19,1260.21
diverse_beam,20,1260.21
diverse_beam,16,1260.21
diverse_beam,15,1260.21
diverse_beam,2,1260.21
diverse_beam,14,1260.21
diverse_beam,33,1260.21
diverse_beam,8,1260.21
diverse_beam,14,1260.21
diverse_beam,5,1260.21
diverse_beam,33,1260.21
diverse_beam,13,1260.21
diverse_beam,22,1260.21
diverse_beam,18,1260.21
diverse_beam,14,1260.21
diverse_beam,4,1260.21
diverse_beam,8,1260.21
diverse_beam,2,1260.21
diverse_beam,31,1260.21
diverse_beam,4,1260.21
diverse_beam,1,1260.21
diverse_beam,4,1260.21
diverse_beam,1,1260.21
diverse_beam,14,1260.21
diverse_beam,4,1260.21
diverse_beam,8,1260.21
diverse_beam,7,1260.21
diverse_beam,16,1260.21
diverse_beam,5,1260.21
diverse_beam,5,1260.21
diverse_beam,11,1260.21
diverse_beam,7,1260.21
diverse_beam,8,1260.21
diverse_beam,17,1260.21
diverse_beam,11,1260.21
diverse_beam,3,1260.21
diverse_beam,34,1260.21
diverse_beam,19,1260.21
diverse_beam,44,1260.21
diverse_beam,25,1260.21
diverse_beam,32,1260.21
diverse_beam,6,1260.21
diverse_beam,8,1260.21
diverse_beam,27,1260.21
diverse_beam,9,1260.21
diverse_beam,14,1260.21
diverse_beam,9,1260.21
diverse_beam,7,1260.21
diverse_beam,30,1260.21
diverse_beam,27,1260.21
diverse_beam,25,1260.21
diverse_beam,18,1260.21
diverse_beam,50,1260.21
diverse_beam,18,1260.21
diverse_beam,35,1260.21
diverse_beam,15,1260.21
diverse_beam,15,1260.21
diverse_beam,24,1260.21
diverse_beam,42,1260.21
diverse_beam,12,1260.21
diverse_beam,23,1260.21
diverse_beam,11,1260.21
diverse_beam,1,1260.21
diverse_beam,5,1260.21
diverse_beam,6,1260.21
diverse_beam,27,1260.21
diverse_beam,7,1260.21
diverse_beam,39,1260.21
diverse_beam,19,1260.21
diverse_beam,15,1260.21
diverse_beam,38,1260.21
diverse_beam,15,1260.21
diverse_beam,11,1260.21
diverse_beam,12,1260.21
diverse_beam,5,1260.21
diverse_beam,7,1260.21
diverse_beam,10,1260.21
diverse_beam,47,1260.21
diverse_beam,8,1260.21
diverse_beam,29,1260.21
diverse_beam,18,1260.21
diverse_beam,31,1260.21
diverse_beam,25,1260.21
diverse_beam,17,1260.21
diverse_beam,24,1260.21
diverse_beam,26,1260.21
diverse_beam,17,1260.21
diverse_beam,22,1260.21
diverse_beam,41,1260.21
diverse_beam,12,1260.21
diverse_beam,34,1260.21
diverse_beam,28,1260.21
diverse_beam,2,1260.21
diverse_beam,14,1260.21
diverse_beam,13,1260.21
diverse_beam,5,1260.21
diverse_beam,14,1260.21
diverse_beam,20,1260.21
diverse_beam,11,1260.21
diverse_beam,7,1260.21
diverse_beam,23,1260.21
diverse_beam,22,1260.21
diverse_beam,20,1260.21
diverse_beam,9,1260.21
diverse_beam,26,1260.21
diverse_beam,9,1260.21
diverse_beam,10,1260.21
diverse_beam,15,1260.21
diverse_beam,7,1260.21
diverse_beam,42,1260.21
diverse_beam,17,1260.21
diverse_beam,36,1260.21
diverse_beam,9,1260.21
diverse_beam,30,1260.21
diverse_beam,27,1260.21
diverse_beam,34,1260.21
diverse_beam,16,1260.21
diverse_beam,10,1260.21
diverse_beam,7,1260.21
diverse_beam,73,1260.21
diverse_beam,14,1260.21
diverse_beam,30,1260.21
diverse_beam,4,1260.21
diverse_beam,12,1260.21
diverse_beam,13,1260.21
diverse_beam,30,1260.21
diverse_beam,13,1260.21
diverse_beam,23,1260.21
diverse_beam,47,1260.21
diverse_beam,15,1260.21
diverse_beam,32,1260.21
diverse_beam,33,1260.21
diverse_beam,26,1260.21
diverse_beam,3,1260.21
diverse_beam,12,1260.21
diverse_beam,60,1260.21
diverse_beam,35,1260.21
diverse_beam,31,1260.21
diverse_beam,11,1260.21
diverse_beam,32,1260.21
diverse_beam,11,1260.21
diverse_beam,62,1260.21
diverse_beam,13,1260.21
diverse_beam,26,1260.21
diverse_beam,21,1260.21
diverse_beam,26,1260.21
diverse_beam,42,1260.21
diverse_beam,52,1260.21
diverse_beam,16,1260.21
diverse_beam,30,1260.21
diverse_beam,27,1260.21
diverse_beam,10,1260.21
diverse_beam,12,1260.21
diverse_beam,27,1260.21
diverse_beam,37,1260.21
diverse_beam,9,1260.21
diverse_beam,11,1260.21
diverse_beam,12,1260.21
diverse_beam,9,1260.21
diverse_beam,17,1260.21
diverse_beam,4,1260.21
diverse_beam,19,1260.21
diverse_beam,14,1260.21
diverse_beam,28,1260.21
diverse_beam,22,1260.21
diverse_beam,15,1260.21
diverse_beam,7,1260.21
diverse_beam,25,1260.21
diverse_beam,11,1260.21
diverse_beam,8,1260.21
diverse_beam,3,1260.21
diverse_beam,17,1260.21
diverse_beam,12,1260.21
diverse_beam,8,1260.21
diverse_beam,22,1260.21
diverse_beam,17,1260.21
diverse_beam,29,1260.21
diverse_beam,28,1260.21
diverse_beam,15,1260.21
diverse_beam,15,1260.21
diverse_beam,12,1260.21
diverse_beam,11,1260.21
diverse_beam,49,1260.21
diverse_beam,40,1260.21
diverse_beam,49,1260.21
diverse_beam,15,1260.21
diverse_beam,41,1260.21
diverse_beam,4,1260.21
diverse_beam,19,1260.21
diverse_beam,7,1260.21
diverse_beam,11,1260.21
diverse_beam,45,1260.21
diverse_beam,39,1260.21
diverse_beam,21,1260.21
diverse_beam,2,1260.21
diverse_beam,23,1260.21
diverse_beam,8,1260.21
diverse_beam,12,1260.21
diverse_beam,4,1260.21
diverse_beam,8,1260.21
diverse_beam,17,1260.21
diverse_beam,10,1260.21
diverse_beam,24,1260.21
diverse_beam,7,1260.21
diverse_beam,9,1260.21
diverse_beam,11,1260.21
diverse_beam,10,1260.21
diverse_beam,4,1260.21
diverse_beam,12,1260.21
diverse_beam,6,1260.21
diverse_beam,13,1260.21
diverse_beam,8,1260.21
diverse_beam,7,1260.21
diverse_beam,8,1260.21
diverse_beam,4,1260.21
diverse_beam,15,1260.21
diverse_beam,2,1260.21
diverse_beam,9,1260.21
diverse_beam,2,1260.21
diverse_beam,19,1260.21
diverse_beam,28,1260.21
diverse_beam,14,1260.21
diverse_beam,13,1260.21
diverse_beam,11,1260.21
diverse_beam,15,1260.21
diverse_beam,13,1260.21
diverse_beam,7,1260.21
diverse_beam,11,1260.21
diverse_beam,9,1260.21
diverse_beam,29,1260.21
diverse_beam,34,1260.21
diverse_beam,23,1260.21
diverse_beam,16,1260.21
diverse_beam,11,1260.21
diverse_beam,8,1260.21
diverse_beam,3,1260.21
diverse_beam,15,1260.21
diverse_beam,16,1260.21
diverse_beam,13,1260.21
diverse_beam,8,1260.21
diverse_beam,2,1260.21
diverse_beam,9,1260.21
diverse_beam,15,1260.21
diverse_beam,10,1260.21
diverse_beam,13,1260.21
diverse_beam,10,1260.21
diverse_beam,5,1260.21
diverse_beam,24,1260.21
diverse_beam,16,1260.21
diverse_beam,9,1260.21
diverse_beam,12,1260.21
diverse_beam,6,1260.21
diverse_beam,8,1260.21
diverse_beam,6,1260.21
diverse_beam,12,1260.21
diverse_beam,12,1260.21
diverse_beam,10,1260.21
diverse_beam,6,1260.21
diverse_beam,7,1260.21
diverse_beam,3,1260.21
diverse_beam,6,1260.21
diverse_beam,3,1260.21
diverse_beam,12,1260.21
diverse_beam,35,1260.21
diverse_beam,20,1260.21
diverse_beam,13,1260.21
diverse_beam,15,1260.21
diverse_beam,11,1260.21
diverse_beam,13,1260.21
diverse_beam,12,1260.21
diverse_beam,11,1260.21
diverse_beam,5,1260.21
diverse_beam,9,1260.21
diverse_beam,12,1260.21
diverse_beam,14,1260.21
diverse_beam,9,1260.21
diverse_beam,3,1260.21
diverse_beam,8,1260.21
diverse_beam,4,1260.21
diverse_beam,7,1260.21
diverse_beam,47,1260.21
diverse_beam,29,1260.21
diverse_beam,8,1260.21
diverse_beam,13,1260.21
diverse_beam,4,1260.21
diverse_beam,28,1260.21
diverse_beam,4,1260.21
diverse_beam,13,1260.21
diverse_beam,13,1260.21
diverse_beam,4,1260.21
diverse_beam,28,1260.21
diverse_beam,24,1260.21
diverse_beam,9,1260.21
diverse_beam,31,1260.21
diverse_beam,14,1260.21
diverse_beam,2,1260.21
diverse_beam,11,1260.21
diverse_beam,16,1260.21
diverse_beam,9,1260.21
diverse_beam,24,1260.21
diverse_beam,12,1260.21
diverse_beam,2,1260.21
diverse_beam,16,1260.21
diverse_beam,17,1260.21
diverse_beam,13,1260.21
diverse_beam,49,1260.21
diverse_beam,46,1260.21
diverse_beam,12,1260.21
diverse_beam,24,1260.21
diverse_beam,12,1260.21
diverse_beam,10,1260.21
diverse_beam,8,1260.21
diverse_beam,21,1260.21
diverse_beam,7,1260.21
diverse_beam,7,1260.21
diverse_beam,34,1260.21
diverse_beam,30,1260.21
diverse_beam,28,1260.21
diverse_beam,3,1260.21
diverse_beam,26,1260.21
diverse_beam,53,1260.21
diverse_beam,40,1260.21
diverse_beam,4,1260.21
diverse_beam,24,1260.21
diverse_beam,7,1260.21
diverse_beam,22,1260.21
diverse_beam,46,1260.21
diverse_beam,6,1260.21
diverse_beam,8,1260.21
diverse_beam,12,1260.21
diverse_beam,19,1260.21
diverse_beam,36,1260.21
diverse_beam,21,1260.21
diverse_beam,10,1260.21
diverse_beam,19,1260.21
diverse_beam,15,1260.21
diverse_beam,14,1260.21
diverse_beam,29,1260.21
diverse_beam,10,1260.21
diverse_beam,18,1260.21
diverse_beam,69,1260.21
diverse_beam,16,1260.21
diverse_beam,3,1260.21
diverse_beam,31,1260.21
diverse_beam,31,1260.21
diverse_beam,7,1260.21
diverse_beam,4,1260.21
diverse_beam,14,1260.21
diverse_beam,8,1260.21
diverse_beam,29,1260.21
diverse_beam,9,1260.21
diverse_beam,37,1260.21
diverse_beam,8,1260.21
diverse_beam,12,1260.21
diverse_beam,18,1260.21
diverse_beam,24,1260.21
diverse_beam,6,1260.21
diverse_beam,2,1260.21
diverse_beam,7,1260.21
diverse_beam,7,1260.21
diverse_beam,5,1260.21
diverse_beam,7,1260.21
diverse_beam,11,1260.21
diverse_beam,20,1260.21
diverse_beam,4,1260.21
diverse_beam,8,1260.21
diverse_beam,8,1260.21
diverse_beam,9,1260.21
diverse_beam,23,1260.21
diverse_beam,14,1260.21
diverse_beam,5,1260.21
diverse_beam,4,1260.21
diverse_beam,26,1260.21
diverse_beam,11,1260.21
diverse_beam,11,1260.21
diverse_beam,11,1260.21
diverse_beam,13,1260.21
diverse_beam,6,1260.21
diverse_beam,1,1260.21
diverse_beam,19,1260.21
diverse_beam,6,1260.21
diverse_beam,17,1260.21
diverse_beam,11,1260.21
diverse_beam,8,1260.21
diverse_beam,9,1260.21
diverse_beam,1,1260.21
diverse_beam,4,1260.21
diverse_beam,7,1260.21
diverse_beam,4,1260.21
diverse_beam,9,1260.21
diverse_beam,7,1260.21
diverse_beam,5,1260.21
diverse_beam,5,1260.21
diverse_beam,29,1260.21
diverse_beam,8,1260.21
diverse_beam,25,1260.21
diverse_beam,26,1260.21
diverse_beam,10,1260.21
diverse_beam,11,1260.21
diverse_beam,15,1260.21
diverse_beam,8,1260.21
diverse_beam,10,1260.21
diverse_beam,48,1260.21
diverse_beam,29,1260.21
diverse_beam,31,1260.21
diverse_beam,8,1260.21
diverse_beam,8,1260.21
diverse_beam,24,1260.21
diverse_beam,6,1260.21
diverse_beam,35,1260.21
diverse_beam,23,1260.21
diverse_beam,43,1260.21
diverse_beam,60,1260.21
diverse_beam,4,1260.21
diverse_beam,16,1260.21
diverse_beam,36,1260.21
diverse_beam,71,1260.21
diverse_beam,43,1260.21
diverse_beam,13,1260.21
diverse_beam,18,1260.21
diverse_beam,16,1260.21
diverse_beam,15,1260.21
diverse_beam,50,1260.21
diverse_beam,18,1260.21
diverse_beam,14,1260.21
diverse_beam,9,1260.21
diverse_beam,21,1260.21
diverse_beam,13,1260.21
diverse_beam,28,1260.21
diverse_beam,8,1260.21
diverse_beam,5,1260.21
diverse_beam,29,1260.21
diverse_beam,5,1260.21
diverse_beam,12,1260.21
diverse_beam,10,1260.21
diverse_beam,6,1260.21
diverse_beam,21,1260.21
diverse_beam,49,1260.21
diverse_beam,21,1260.21
diverse_beam,9,1260.21
diverse_beam,16,1260.21
diverse_beam,14,1260.21
diverse_beam,31,1260.21
diverse_beam,41,1260.21
diverse_beam,32,1260.21
diverse_beam,15,1260.21
diverse_beam,35,1260.21
diverse_beam,16,1260.21
diverse_beam,18,1260.21
diverse_beam,25,1260.21
diverse_beam,9,1260.21
diverse_beam,24,1260.21
diverse_beam,28,1260.21
diverse_beam,19,1260.21
diverse_beam,25,1260.21
diverse_beam,20,1260.21
diverse_beam,12,1260.21
diverse_beam,51,1260.21
diverse_beam,6,1260.21
diverse_beam,3,1260.21
diverse_beam,20,1260.21
diverse_beam,34,1260.21
diverse_beam,8,1260.21
diverse_beam,18,1260.21
diverse_beam,27,1260.21
diverse_beam,19,1260.21
diverse_beam,22,1260.21
diverse_beam,25,1260.21
diverse_beam,36,1260.21
diverse_beam,15,1260.21
diverse_beam,2,1260.21
diverse_beam,22,1260.21
diverse_beam,7,1260.21
diverse_beam,17,1260.21
diverse_beam,12,1260.21
diverse_beam,9,1260.21
diverse_beam,2,1260.21
diverse_beam,14,1260.21
diverse_beam,9,1260.21
diverse_beam,1,1260.21
diverse_beam,21,1260.21
diverse_beam,45,1260.21
diverse_beam,8,1260.21
diverse_beam,29,1260.21
diverse_beam,20,1260.21
diverse_beam,23,1260.21
diverse_beam,23,1260.21
diverse_beam,43,1260.21
diverse_beam,27,1260.21
diverse_beam,16,1260.21
diverse_beam,6,1260.21
diverse_beam,33,1260.21
diverse_beam,46,1260.21
diverse_beam,21,1260.21
diverse_beam,35,1260.21
diverse_beam,9,1260.21
diverse_beam,8,1260.21
diverse_beam,11,1260.21
diverse_beam,40,1260.21
diverse_beam,12,1260.21
diverse_beam,12,1260.21
diverse_beam,8,1260.21
diverse_beam,13,1260.21
diverse_beam,21,1260.21
diverse_beam,17,1260.21
diverse_beam,30,1260.21
diverse_beam,47,1260.21
diverse_beam,8,1260.21
diverse_beam,65,1260.21
diverse_beam,36,1260.21
diverse_beam,22,1260.21
diverse_beam,10,1260.21
diverse_beam,16,1260.21
diverse_beam,11,1260.21
diverse_beam,9,1260.21
diverse_beam,37,1260.21
diverse_beam,7,1260.21
diverse_beam,16,1260.21
diverse_beam,9,1260.21
diverse_beam,10,1260.21
diverse_beam,20,1260.21
diverse_beam,54,1260.21
diverse_beam,7,1260.21
diverse_beam,46,1260.21
diverse_beam,14,1260.21
diverse_beam,15,1260.21
diverse_beam,36,1260.21
diverse_beam,25,1260.21
diverse_beam,18,1260.21
diverse_beam,23,1260.21
diverse_beam,42,1260.21
diverse_beam,25,1260.21
diverse_beam,7,1260.21
diverse_beam,16,1260.21
diverse_beam,13,1260.21
diverse_beam,20,1260.21
diverse_beam,2,1260.21
diverse_beam,15,1260.21
diverse_beam,51,1260.21
diverse_beam,29,1260.21
diverse_beam,19,1260.21
diverse_beam,59,1260.21
diverse_beam,75,1260.21
diverse_beam,46,1260.21
diverse_beam,18,1260.21
diverse_beam,46,1260.21
diverse_beam,5,1260.21
diverse_beam,26,1260.21
diverse_beam,26,1260.21
diverse_beam,11,1260.21
diverse_beam,14,1260.21
diverse_beam,11,1260.21
diverse_beam,24,1260.21
diverse_beam,55,1260.21
diverse_beam,6,1260.21
diverse_beam,25,1260.21
diverse_beam,10,1260.21
diverse_beam,14,1260.21
diverse_beam,13,1260.21
diverse_beam,23,1260.21
diverse_beam,13,1260.21
diverse_beam,24,1260.21
diverse_beam,38,1260.21
diverse_beam,51,1260.21
diverse_beam,23,1260.21
diverse_beam,33,1260.21
diverse_beam,18,1260.21
diverse_beam,26,1260.21
diverse_beam,36,1260.21
diverse_beam,60,1260.21
diverse_beam,18,1260.21
diverse_beam,81,1260.21
diverse_beam,16,1260.21
diverse_beam,19,1260.21
diverse_beam,13,1260.21
diverse_beam,11,1260.21
diverse_beam,37,1260.21
diverse_beam,6,1260.21
diverse_beam,16,1260.21
diverse_beam,32,1260.21
diverse_beam,59,1260.21
diverse_beam,62,1260.21
diverse_beam,5,1260.21
diverse_beam,79,1260.21
diverse_beam,32,1260.21
diverse_beam,78,1260.21
diverse_beam,15,1260.21
diverse_beam,18,1260.21
diverse_beam,55,1260.21
diverse_beam,10,1260.21
diverse_beam,25,1260.21
diverse_beam,34,1260.21
diverse_beam,21,1260.21
diverse_beam,10,1260.21
diverse_beam,13,1260.21
diverse_beam,18,1260.21
diverse_beam,9,1260.21
diverse_beam,34,1260.21
diverse_beam,23,1260.21
diverse_beam,27,1260.21
diverse_beam,44,1260.21
diverse_beam,41,1260.21
diverse_beam,54,1260.21
diverse_beam,25,1260.21
diverse_beam,65,1260.21
diverse_beam,29,1260.21
diverse_beam,26,1260.21
diverse_beam,7,1260.21
diverse_beam,26,1260.21
diverse_beam,13,1260.21
diverse_beam,59,1260.21
diverse_beam,9,1260.21
diverse_beam,13,1260.21
diverse_beam,20,1260.21
diverse_beam,27,1260.21
diverse_beam,24,1260.21
diverse_beam,15,1260.21
diverse_beam,21,1260.21
diverse_beam,48,1260.21
diverse_beam,49,1260.21
diverse_beam,5,1260.21
diverse_beam,45,1260.21
diverse_beam,55,1260.21
diverse_beam,16,1260.21
diverse_beam,6,1260.21
diverse_beam,17,1260.21
diverse_beam,13,1260.21
diverse_beam,7,1260.21
diverse_beam,8,1260.21
diverse_beam,9,1260.21
diverse_beam,6,1260.21
diverse_beam,2,1260.21
diverse_beam,18,1260.21
diverse_beam,16,1260.21
diverse_beam,5,1260.21
diverse_beam,14,1260.21
diverse_beam,4,1260.21
diverse_beam,9,1260.21
diverse_beam,1,1260.21
diverse_beam,7,1260.21
diverse_beam,22,1260.21
diverse_beam,4,1260.21
diverse_beam,6,1260.21
diverse_beam,3,1260.21
diverse_beam,6,1260.21
diverse_beam,11,1260.21
diverse_beam,5,1260.21
diverse_beam,10,1260.21
diverse_beam,1,1260.21
diverse_beam,17,1260.21
diverse_beam,14,1260.21
diverse_beam,60,1260.21
diverse_beam,39,1260.21
diverse_beam,10,1260.21
diverse_beam,4,1260.21
diverse_beam,21,1260.21
diverse_beam,20,1260.21
diverse_beam,25,1260.21
diverse_beam,38,1260.21
diverse_beam,17,1260.21
diverse_beam,13,1260.21
diverse_beam,43,1260.21
diverse_beam,8,1260.21
diverse_beam,15,1260.21
diverse_beam,43,1260.21
diverse_beam,10,1260.21
diverse_beam,7,1260.21
diverse_beam,19,1260.21
diverse_beam,3,1260.21
diverse_beam,9,1260.21
diverse_beam,9,1260.21
diverse_beam,11,1260.21
diverse_beam,1,1260.21
diverse_beam,1,1260.21
diverse_beam,7,1260.21
diverse_beam,20,1260.21
diverse_beam,14,1260.21
diverse_beam,1,1260.21
diverse_beam,8,1260.21
diverse_beam,15,1260.21
diverse_beam,27,1260.21
diverse_beam,13,1260.21
diverse_beam,11,1260.21
diverse_beam,41,1260.21
diverse_beam,5,1260.21
diverse_beam,7,1260.21
diverse_beam,19,1260.21
diverse_beam,13,1260.21
diverse_beam,18,1260.21
diverse_beam,21,1260.21
diverse_beam,56,1260.21
diverse_beam,27,1260.21
diverse_beam,34,1260.21
diverse_beam,21,1260.21
diverse_beam,20,1260.21
diverse_beam,18,1260.21
diverse_beam,2,1260.21
diverse_beam,47,1260.21
diverse_beam,51,1260.21
diverse_beam,3,1260.21
diverse_beam,18,1260.21
diverse_beam,7,1260.21
diverse_beam,10,1260.21
diverse_beam,11,1260.21
diverse_beam,8,1260.21
diverse_beam,9,1260.21
diverse_beam,13,1260.21
diverse_beam,27,1260.21
diverse_beam,47,1260.21
diverse_beam,18,1260.21
diverse_beam,38,1260.21
diverse_beam,20,1260.21
diverse_beam,13,1260.21
diverse_beam,46,1260.21
diverse_beam,26,1260.21
diverse_beam,77,1260.21
diverse_beam,11,1260.21
diverse_beam,49,1260.21
diverse_beam,26,1260.21
diverse_beam,14,1260.21
diverse_beam,42,1260.21
diverse_beam,15,1260.21
diverse_beam,17,1260.21
diverse_beam,50,1260.21
diverse_beam,63,1260.21
diverse_beam,38,1260.21
diverse_beam,40,1260.21
diverse_beam,6,1260.21
diverse_beam,26,1260.21
diverse_beam,32,1260.21
diverse_beam,13,1260.21
diverse_beam,2,1260.21
diverse_beam,16,1260.21
diverse_beam,9,1260.21
diverse_beam,9,1260.21
diverse_beam,11,1260.21
diverse_beam,9,1260.21
diverse_beam,44,1260.21
diverse_beam,21,1260.21
diverse_beam,6,1260.21
diverse_beam,10,1260.21
diverse_beam,21,1260.21
diverse_beam,34,1260.21
diverse_beam,40,1260.21
diverse_beam,9,1260.21
diverse_beam,3,1260.21
diverse_beam,26,1260.21
diverse_beam,95,1260.21
diverse_beam,27,1260.21
diverse_beam,59,1260.21
diverse_beam,15,1260.21
diverse_beam,44,1260.21
diverse_beam,39,1260.21
diverse_beam,6,1260.21
diverse_beam,28,1260.21
diverse_beam,65,1260.21
diverse_beam,29,1260.21
diverse_beam,17,1260.21
diverse_beam,40,1260.21
diverse_beam,4,1260.21
diverse_beam,5,1260.21
diverse_beam,37,1260.21
diverse_beam,3,1260.21
diverse_beam,54,1260.21
diverse_beam,7,1260.21
diverse_beam,12,1260.21
diverse_beam,49,1260.21
diverse_beam,49,1260.21
diverse_beam,114,1260.21
diverse_beam,16,1260.21
diverse_beam,27,1260.21
diverse_beam,10,1260.21
diverse_beam,30,1260.21
diverse_beam,23,1260.21
diverse_beam,26,1260.21
diverse_beam,21,1260.21
diverse_beam,38,1260.21
diverse_beam,5,1260.21
diverse_beam,24,1260.21
diverse_beam,11,1260.21
diverse_beam,10,1260.21
diverse_beam,1,1260.21
diverse_beam,5,1260.21
diverse_beam,2,1260.21
diverse_beam,5,1260.21
diverse_beam,3,1260.21
diverse_beam,13,1260.21
diverse_beam,3,1260.21
diverse_beam,5,1260.21
diverse_beam,24,1260.21
diverse_beam,12,1260.21
diverse_beam,12,1260.21
diverse_beam,18,1260.21
diverse_beam,12,1260.21
diverse_beam,12,1260.21
diverse_beam,31,1260.21
diverse_beam,18,1260.21
diverse_beam,22,1260.21
diverse_beam,20,1260.21
diverse_beam,12,1260.21
diverse_beam,25,1260.21
diverse_beam,25,1260.21
diverse_beam,14,1260.21
diverse_beam,17,1260.21
diverse_beam,28,1260.21
diverse_beam,28,1260.21
diverse_beam,22,1260.21
diverse_beam,17,1260.21
diverse_beam,14,1260.21
diverse_beam,9,1260.21
diverse_beam,23,1260.21
diverse_beam,5,1260.21
diverse_beam,10,1260.21
diverse_beam,14,1260.21
diverse_beam,23,1260.21
diverse_beam,35,1260.21
diverse_beam,11,1260.21
diverse_beam,6,1260.21
diverse_beam,19,1260.21
diverse_beam,22,1260.21
diverse_beam,2,1260.21
diverse_beam,13,1260.21
diverse_beam,7,1260.21
diverse_beam,5,1260.21
diverse_beam,13,1260.21
diverse_beam,12,1260.21
diverse_beam,6,1260.21
diverse_beam,24,1260.21
diverse_beam,16,1260.21
diverse_beam,9,1260.21
diverse_beam,4,1260.21
diverse_beam,2,1260.21
diverse_beam,14,1260.21
diverse_beam,7,1260.21
diverse_beam,16,1260.21
diverse_beam,26,1260.21
diverse_beam,25,1260.21
diverse_beam,36,1260.21
diverse_beam,26,1260.21
diverse_beam,36,1260.21
